file,line,type,commit,author,date,time,timezone,datetime,depth,length
style.css,1,css,2ed439bb,Amrutha Potluri,2025-10-10,18:36:42,-07:00,2025-10-10T18:36:42-07:00,0,5
style.css,2,css,21046396,Amrutha Potluri,2025-10-17,16:57:08,-07:00,2025-10-17T16:57:08-07:00,1,23
style.css,3,css,2ed439bb,Amrutha Potluri,2025-10-10,18:36:42,-07:00,2025-10-10T18:36:42-07:00,1,31
style.css,4,css,21046396,Amrutha Potluri,2025-10-17,16:57:08,-07:00,2025-10-17T16:57:08-07:00,1,43
style.css,5,css,2ed439bb,Amrutha Potluri,2025-10-10,18:36:42,-07:00,2025-10-10T18:36:42-07:00,0,0
style.css,6,css,2ed439bb,Amrutha Potluri,2025-10-10,18:36:42,-07:00,2025-10-10T18:36:42-07:00,0,0
style.css,7,css,44346a27,Amrutha Potluri,2025-10-03,14:32:11,-07:00,2025-10-03T14:32:11-07:00,0,4
style.css,8,css,44346a27,Amrutha Potluri,2025-10-03,14:32:11,-07:00,2025-10-03T14:32:11-07:00,1,23
style.css,9,css,2ed439bb,Amrutha Potluri,2025-10-10,18:36:42,-07:00,2025-10-10T18:36:42-07:00,1,15
style.css,10,css,2ed439bb,Amrutha Potluri,2025-10-10,18:36:42,-07:00,2025-10-10T18:36:42-07:00,1,18
style.css,11,css,2ed439bb,Amrutha Potluri,2025-10-10,18:36:42,-07:00,2025-10-10T18:36:42-07:00,1,18
style.css,12,css,2ed439bb,Amrutha Potluri,2025-10-10,18:36:42,-07:00,2025-10-10T18:36:42-07:00,1,32
style.css,13,css,2ed439bb,Amrutha Potluri,2025-10-10,18:36:42,-07:00,2025-10-10T18:36:42-07:00,0,0
style.css,14,css,2ed439bb,Amrutha Potluri,2025-10-10,18:36:42,-07:00,2025-10-10T18:36:42-07:00,0,0
style.css,15,css,2ed439bb,Amrutha Potluri,2025-10-10,18:36:42,-07:00,2025-10-10T18:36:42-07:00,0,2
style.css,16,css,2ed439bb,Amrutha Potluri,2025-10-10,18:36:42,-07:00,2025-10-10T18:36:42-07:00,1,14
style.css,17,css,2ed439bb,Amrutha Potluri,2025-10-10,18:36:42,-07:00,2025-10-10T18:36:42-07:00,0,0
style.css,18,css,2ed439bb,Amrutha Potluri,2025-10-10,18:36:42,-07:00,2025-10-10T18:36:42-07:00,0,0
style.css,19,css,2ed439bb,Amrutha Potluri,2025-10-10,18:36:42,-07:00,2025-10-10T18:36:42-07:00,0,22
style.css,20,css,2ed439bb,Amrutha Potluri,2025-10-10,18:36:42,-07:00,2025-10-10T18:36:42-07:00,1,15
style.css,21,css,2ed439bb,Amrutha Potluri,2025-10-10,18:36:42,-07:00,2025-10-10T18:36:42-07:00,1,17
style.css,22,css,2ed439bb,Amrutha Potluri,2025-10-10,18:36:42,-07:00,2025-10-10T18:36:42-07:00,0,0
style.css,23,css,2ed439bb,Amrutha Potluri,2025-10-10,18:36:42,-07:00,2025-10-10T18:36:42-07:00,0,0
style.css,24,css,21046396,Amrutha Potluri,2025-10-17,16:57:08,-07:00,2025-10-17T16:57:08-07:00,0,3
style.css,25,css,2ed439bb,Amrutha Potluri,2025-10-10,18:36:42,-07:00,2025-10-10T18:36:42-07:00,1,12
style.css,26,css,2ed439bb,Amrutha Potluri,2025-10-10,18:36:42,-07:00,2025-10-10T18:36:42-07:00,1,47
style.css,27,css,2ed439bb,Amrutha Potluri,2025-10-10,18:36:42,-07:00,2025-10-10T18:36:42-07:00,1,17
style.css,28,css,2ed439bb,Amrutha Potluri,2025-10-10,18:36:42,-07:00,2025-10-10T18:36:42-07:00,0,0
style.css,29,css,2ed439bb,Amrutha Potluri,2025-10-10,18:36:42,-07:00,2025-10-10T18:36:42-07:00,0,0
style.css,30,css,2ed439bb,Amrutha Potluri,2025-10-10,18:36:42,-07:00,2025-10-10T18:36:42-07:00,0,5
style.css,31,css,21046396,Amrutha Potluri,2025-10-17,16:57:08,-07:00,2025-10-17T16:57:08-07:00,1,6
style.css,32,css,2ed439bb,Amrutha Potluri,2025-10-10,18:36:42,-07:00,2025-10-10T18:36:42-07:00,1,20
style.css,33,css,2ed439bb,Amrutha Potluri,2025-10-10,18:36:42,-07:00,2025-10-10T18:36:42-07:00,1,13
style.css,34,css,2ed439bb,Amrutha Potluri,2025-10-10,18:36:42,-07:00,2025-10-10T18:36:42-07:00,1,17
style.css,35,css,2ed439bb,Amrutha Potluri,2025-10-10,18:36:42,-07:00,2025-10-10T18:36:42-07:00,1,13
style.css,36,css,2ed439bb,Amrutha Potluri,2025-10-10,18:36:42,-07:00,2025-10-10T18:36:42-07:00,0,0
style.css,37,css,2ed439bb,Amrutha Potluri,2025-10-10,18:36:42,-07:00,2025-10-10T18:36:42-07:00,0,0
style.css,38,css,2ed439bb,Amrutha Potluri,2025-10-10,18:36:42,-07:00,2025-10-10T18:36:42-07:00,0,13
style.css,39,css,2ed439bb,Amrutha Potluri,2025-10-10,18:36:42,-07:00,2025-10-10T18:36:42-07:00,1,49
style.css,40,css,2ed439bb,Amrutha Potluri,2025-10-10,18:36:42,-07:00,2025-10-10T18:36:42-07:00,1,20
style.css,41,css,2ed439bb,Amrutha Potluri,2025-10-10,18:36:42,-07:00,2025-10-10T18:36:42-07:00,0,0
style.css,42,css,2ed439bb,Amrutha Potluri,2025-10-10,18:36:42,-07:00,2025-10-10T18:36:42-07:00,0,0
style.css,43,css,2ed439bb,Amrutha Potluri,2025-10-10,18:36:42,-07:00,2025-10-10T18:36:42-07:00,0,11
style.css,44,css,2ed439bb,Amrutha Potluri,2025-10-10,18:36:42,-07:00,2025-10-10T18:36:42-07:00,1,45
style.css,45,css,2ed439bb,Amrutha Potluri,2025-10-10,18:36:42,-07:00,2025-10-10T18:36:42-07:00,1,20
style.css,46,css,21046396,Amrutha Potluri,2025-10-17,16:57:08,-07:00,2025-10-17T16:57:08-07:00,1,69
style.css,47,css,2ed439bb,Amrutha Potluri,2025-10-10,18:36:42,-07:00,2025-10-10T18:36:42-07:00,0,0
style.css,48,css,2ed439bb,Amrutha Potluri,2025-10-10,18:36:42,-07:00,2025-10-10T18:36:42-07:00,0,0
style.css,49,css,2ed439bb,Amrutha Potluri,2025-10-10,18:36:42,-07:00,2025-10-10T18:36:42-07:00,0,9
style.css,50,css,2ed439bb,Amrutha Potluri,2025-10-10,18:36:42,-07:00,2025-10-10T18:36:42-07:00,0,12
style.css,51,css,21046396,Amrutha Potluri,2025-10-17,16:57:08,-07:00,2025-10-17T16:57:08-07:00,0,10
style.css,52,css,21046396,Amrutha Potluri,2025-10-17,16:57:08,-07:00,2025-10-17T16:57:08-07:00,0,6
style.css,53,css,2ed439bb,Amrutha Potluri,2025-10-10,18:36:42,-07:00,2025-10-10T18:36:42-07:00,1,12
style.css,54,css,2ed439bb,Amrutha Potluri,2025-10-10,18:36:42,-07:00,2025-10-10T18:36:42-07:00,0,0
style.css,55,css,2ed439bb,Amrutha Potluri,2025-10-10,18:36:42,-07:00,2025-10-10T18:36:42-07:00,0,0
style.css,56,css,2ed439bb,Amrutha Potluri,2025-10-10,18:36:42,-07:00,2025-10-10T18:36:42-07:00,0,4
style.css,57,css,2ed439bb,Amrutha Potluri,2025-10-10,18:36:42,-07:00,2025-10-10T18:36:42-07:00,1,15
style.css,58,css,2ed439bb,Amrutha Potluri,2025-10-10,18:36:42,-07:00,2025-10-10T18:36:42-07:00,1,18
style.css,59,css,2ed439bb,Amrutha Potluri,2025-10-10,18:36:42,-07:00,2025-10-10T18:36:42-07:00,1,12
style.css,60,css,2ed439bb,Amrutha Potluri,2025-10-10,18:36:42,-07:00,2025-10-10T18:36:42-07:00,1,10
style.css,61,css,2ed439bb,Amrutha Potluri,2025-10-10,18:36:42,-07:00,2025-10-10T18:36:42-07:00,0,0
style.css,62,css,2ed439bb,Amrutha Potluri,2025-10-10,18:36:42,-07:00,2025-10-10T18:36:42-07:00,0,0
style.css,63,css,2ed439bb,Amrutha Potluri,2025-10-10,18:36:42,-07:00,2025-10-10T18:36:42-07:00,0,10
style.css,64,css,2ed439bb,Amrutha Potluri,2025-10-10,18:36:42,-07:00,2025-10-10T18:36:42-07:00,1,12
style.css,65,css,2ed439bb,Amrutha Potluri,2025-10-10,18:36:42,-07:00,2025-10-10T18:36:42-07:00,1,9
style.css,66,css,2ed439bb,Amrutha Potluri,2025-10-10,18:36:42,-07:00,2025-10-10T18:36:42-07:00,0,0
style.css,67,css,2ed439bb,Amrutha Potluri,2025-10-10,18:36:42,-07:00,2025-10-10T18:36:42-07:00,0,0
style.css,68,css,2ed439bb,Amrutha Potluri,2025-10-10,18:36:42,-07:00,2025-10-10T18:36:42-07:00,0,9
style.css,69,css,2ed439bb,Amrutha Potluri,2025-10-10,18:36:42,-07:00,2025-10-10T18:36:42-07:00,0,13
style.css,70,css,2ed439bb,Amrutha Potluri,2025-10-10,18:36:42,-07:00,2025-10-10T18:36:42-07:00,1,10
style.css,71,css,2ed439bb,Amrutha Potluri,2025-10-10,18:36:42,-07:00,2025-10-10T18:36:42-07:00,1,21
style.css,72,css,2ed439bb,Amrutha Potluri,2025-10-10,18:36:42,-07:00,2025-10-10T18:36:42-07:00,1,13
style.css,73,css,2ed439bb,Amrutha Potluri,2025-10-10,18:36:42,-07:00,2025-10-10T18:36:42-07:00,0,0
style.css,74,css,2ed439bb,Amrutha Potluri,2025-10-10,18:36:42,-07:00,2025-10-10T18:36:42-07:00,0,0
style.css,75,css,2ed439bb,Amrutha Potluri,2025-10-10,18:36:42,-07:00,2025-10-10T18:36:42-07:00,0,13
style.css,76,css,2ed439bb,Amrutha Potluri,2025-10-10,18:36:42,-07:00,2025-10-10T18:36:42-07:00,1,15
style.css,77,css,2ed439bb,Amrutha Potluri,2025-10-10,18:36:42,-07:00,2025-10-10T18:36:42-07:00,0,0
style.css,78,css,2ed439bb,Amrutha Potluri,2025-10-10,18:36:42,-07:00,2025-10-10T18:36:42-07:00,0,0
style.css,79,css,2ed439bb,Amrutha Potluri,2025-10-10,18:36:42,-07:00,2025-10-10T18:36:42-07:00,0,11
style.css,80,css,2ed439bb,Amrutha Potluri,2025-10-10,18:36:42,-07:00,2025-10-10T18:36:42-07:00,1,10
style.css,81,css,2ed439bb,Amrutha Potluri,2025-10-10,18:36:42,-07:00,2025-10-10T18:36:42-07:00,0,0
style.css,82,css,2ed439bb,Amrutha Potluri,2025-10-10,18:36:42,-07:00,2025-10-10T18:36:42-07:00,0,0
style.css,83,css,2ed439bb,Amrutha Potluri,2025-10-10,18:36:42,-07:00,2025-10-10T18:36:42-07:00,0,11
style.css,84,css,2ed439bb,Amrutha Potluri,2025-10-10,18:36:42,-07:00,2025-10-10T18:36:42-07:00,1,15
style.css,85,css,2ed439bb,Amrutha Potluri,2025-10-10,18:36:42,-07:00,2025-10-10T18:36:42-07:00,1,10
style.css,86,css,2ed439bb,Amrutha Potluri,2025-10-10,18:36:42,-07:00,2025-10-10T18:36:42-07:00,1,13
style.css,87,css,2ed439bb,Amrutha Potluri,2025-10-10,18:36:42,-07:00,2025-10-10T18:36:42-07:00,1,21
style.css,88,css,2ed439bb,Amrutha Potluri,2025-10-10,18:36:42,-07:00,2025-10-10T18:36:42-07:00,1,17
style.css,89,css,2ed439bb,Amrutha Potluri,2025-10-10,18:36:42,-07:00,2025-10-10T18:36:42-07:00,1,34
style.css,90,css,2ed439bb,Amrutha Potluri,2025-10-10,18:36:42,-07:00,2025-10-10T18:36:42-07:00,1,40
style.css,91,css,2ed439bb,Amrutha Potluri,2025-10-10,18:36:42,-07:00,2025-10-10T18:36:42-07:00,1,17
style.css,92,css,2ed439bb,Amrutha Potluri,2025-10-10,18:36:42,-07:00,2025-10-10T18:36:42-07:00,1,14
style.css,93,css,21046396,Amrutha Potluri,2025-10-17,16:57:08,-07:00,2025-10-17T16:57:08-07:00,1,10
style.css,94,css,2ed439bb,Amrutha Potluri,2025-10-10,18:36:42,-07:00,2025-10-10T18:36:42-07:00,0,0
style.css,95,css,2ed439bb,Amrutha Potluri,2025-10-10,18:36:42,-07:00,2025-10-10T18:36:42-07:00,0,0
style.css,96,css,2ed439bb,Amrutha Potluri,2025-10-10,18:36:42,-07:00,2025-10-10T18:36:42-07:00,0,9
style.css,97,css,2ed439bb,Amrutha Potluri,2025-10-10,18:36:42,-07:00,2025-10-10T18:36:42-07:00,1,12
style.css,98,css,2ed439bb,Amrutha Potluri,2025-10-10,18:36:42,-07:00,2025-10-10T18:36:42-07:00,1,58
style.css,99,css,2ed439bb,Amrutha Potluri,2025-10-10,18:36:42,-07:00,2025-10-10T18:36:42-07:00,1,7
style.css,100,css,2ed439bb,Amrutha Potluri,2025-10-10,18:36:42,-07:00,2025-10-10T18:36:42-07:00,0,0
style.css,101,css,2ed439bb,Amrutha Potluri,2025-10-10,18:36:42,-07:00,2025-10-10T18:36:42-07:00,0,0
style.css,102,css,2ed439bb,Amrutha Potluri,2025-10-10,18:36:42,-07:00,2025-10-10T18:36:42-07:00,0,19
style.css,103,css,2ed439bb,Amrutha Potluri,2025-10-10,18:36:42,-07:00,2025-10-10T18:36:42-07:00,1,12
style.css,104,css,2ed439bb,Amrutha Potluri,2025-10-10,18:36:42,-07:00,2025-10-10T18:36:42-07:00,1,15
style.css,105,css,2ed439bb,Amrutha Potluri,2025-10-10,18:36:42,-07:00,2025-10-10T18:36:42-07:00,1,26
style.css,106,css,2ed439bb,Amrutha Potluri,2025-10-10,18:36:42,-07:00,2025-10-10T18:36:42-07:00,0,0
style.css,107,css,2ed439bb,Amrutha Potluri,2025-10-10,18:36:42,-07:00,2025-10-10T18:36:42-07:00,0,0
style.css,108,css,2ed439bb,Amrutha Potluri,2025-10-10,18:36:42,-07:00,2025-10-10T18:36:42-07:00,0,24
style.css,109,css,2ed439bb,Amrutha Potluri,2025-10-10,18:36:42,-07:00,2025-10-10T18:36:42-07:00,1,8
style.css,110,css,2ed439bb,Amrutha Potluri,2025-10-10,18:36:42,-07:00,2025-10-10T18:36:42-07:00,0,0
style.css,111,css,2ed439bb,Amrutha Potluri,2025-10-10,18:36:42,-07:00,2025-10-10T18:36:42-07:00,0,0
style.css,112,css,2ed439bb,Amrutha Potluri,2025-10-10,18:36:42,-07:00,2025-10-10T18:36:42-07:00,0,9
style.css,113,css,2ed439bb,Amrutha Potluri,2025-10-10,18:36:42,-07:00,2025-10-10T18:36:42-07:00,1,12
style.css,114,css,2ed439bb,Amrutha Potluri,2025-10-10,18:36:42,-07:00,2025-10-10T18:36:42-07:00,0,0
style.css,115,css,2ed439bb,Amrutha Potluri,2025-10-10,18:36:42,-07:00,2025-10-10T18:36:42-07:00,0,0
style.css,116,css,2ed439bb,Amrutha Potluri,2025-10-10,18:36:42,-07:00,2025-10-10T18:36:42-07:00,0,13
style.css,117,css,2ed439bb,Amrutha Potluri,2025-10-10,18:36:42,-07:00,2025-10-10T18:36:42-07:00,1,16
style.css,118,css,2ed439bb,Amrutha Potluri,2025-10-10,18:36:42,-07:00,2025-10-10T18:36:42-07:00,1,17
style.css,119,css,2ed439bb,Amrutha Potluri,2025-10-10,18:36:42,-07:00,2025-10-10T18:36:42-07:00,1,10
style.css,120,css,2ed439bb,Amrutha Potluri,2025-10-10,18:36:42,-07:00,2025-10-10T18:36:42-07:00,1,14
style.css,121,css,2ed439bb,Amrutha Potluri,2025-10-10,18:36:42,-07:00,2025-10-10T18:36:42-07:00,1,17
style.css,122,css,2ed439bb,Amrutha Potluri,2025-10-10,18:36:42,-07:00,2025-10-10T18:36:42-07:00,0,0
style.css,123,css,2ed439bb,Amrutha Potluri,2025-10-10,18:36:42,-07:00,2025-10-10T18:36:42-07:00,0,0
style.css,124,css,2ed439bb,Amrutha Potluri,2025-10-10,18:36:42,-07:00,2025-10-10T18:36:42-07:00,0,14
style.css,125,css,2ed439bb,Amrutha Potluri,2025-10-10,18:36:42,-07:00,2025-10-10T18:36:42-07:00,1,47
style.css,126,css,2ed439bb,Amrutha Potluri,2025-10-10,18:36:42,-07:00,2025-10-10T18:36:42-07:00,1,20
style.css,127,css,2ed439bb,Amrutha Potluri,2025-10-10,18:36:42,-07:00,2025-10-10T18:36:42-07:00,1,19
style.css,128,css,2ed439bb,Amrutha Potluri,2025-10-10,18:36:42,-07:00,2025-10-10T18:36:42-07:00,0,0
style.css,129,css,2ed439bb,Amrutha Potluri,2025-10-10,18:36:42,-07:00,2025-10-10T18:36:42-07:00,0,0
style.css,130,css,2ed439bb,Amrutha Potluri,2025-10-10,18:36:42,-07:00,2025-10-10T18:36:42-07:00,0,27
style.css,131,css,2ed439bb,Amrutha Potluri,2025-10-10,18:36:42,-07:00,2025-10-10T18:36:42-07:00,1,18
style.css,132,css,2ed439bb,Amrutha Potluri,2025-10-10,18:36:42,-07:00,2025-10-10T18:36:42-07:00,1,15
style.css,133,css,2ed439bb,Amrutha Potluri,2025-10-10,18:36:42,-07:00,2025-10-10T18:36:42-07:00,0,0
style.css,134,css,2ed439bb,Amrutha Potluri,2025-10-10,18:36:42,-07:00,2025-10-10T18:36:42-07:00,0,0
style.css,135,css,2ed439bb,Amrutha Potluri,2025-10-10,18:36:42,-07:00,2025-10-10T18:36:42-07:00,0,10
style.css,136,css,2ed439bb,Amrutha Potluri,2025-10-10,18:36:42,-07:00,2025-10-10T18:36:42-07:00,1,16
style.css,137,css,2ed439bb,Amrutha Potluri,2025-10-10,18:36:42,-07:00,2025-10-10T18:36:42-07:00,1,25
style.css,138,css,2ed439bb,Amrutha Potluri,2025-10-10,18:36:42,-07:00,2025-10-10T18:36:42-07:00,1,17
style.css,139,css,2ed439bb,Amrutha Potluri,2025-10-10,18:36:42,-07:00,2025-10-10T18:36:42-07:00,0,0
style.css,140,css,2ed439bb,Amrutha Potluri,2025-10-10,18:36:42,-07:00,2025-10-10T18:36:42-07:00,0,0
style.css,141,css,2ed439bb,Amrutha Potluri,2025-10-10,18:36:42,-07:00,2025-10-10T18:36:42-07:00,0,15
style.css,142,css,2ed439bb,Amrutha Potluri,2025-10-10,18:36:42,-07:00,2025-10-10T18:36:42-07:00,1,17
style.css,143,css,2ed439bb,Amrutha Potluri,2025-10-10,18:36:42,-07:00,2025-10-10T18:36:42-07:00,0,0
style.css,144,css,2ed439bb,Amrutha Potluri,2025-10-10,18:36:42,-07:00,2025-10-10T18:36:42-07:00,0,0
style.css,145,css,2ed439bb,Amrutha Potluri,2025-10-10,18:36:42,-07:00,2025-10-10T18:36:42-07:00,0,14
style.css,146,css,2ed439bb,Amrutha Potluri,2025-10-10,18:36:42,-07:00,2025-10-10T18:36:42-07:00,1,12
style.css,147,css,2ed439bb,Amrutha Potluri,2025-10-10,18:36:42,-07:00,2025-10-10T18:36:42-07:00,1,29
style.css,148,css,2ed439bb,Amrutha Potluri,2025-10-10,18:36:42,-07:00,2025-10-10T18:36:42-07:00,1,20
style.css,149,css,2ed439bb,Amrutha Potluri,2025-10-10,18:36:42,-07:00,2025-10-10T18:36:42-07:00,1,19
style.css,150,css,2ed439bb,Amrutha Potluri,2025-10-10,18:36:42,-07:00,2025-10-10T18:36:42-07:00,0,0
style.css,151,css,2ed439bb,Amrutha Potluri,2025-10-10,18:36:42,-07:00,2025-10-10T18:36:42-07:00,0,0
style.css,152,css,2ed439bb,Amrutha Potluri,2025-10-10,18:36:42,-07:00,2025-10-10T18:36:42-07:00,0,28
style.css,153,css,2ed439bb,Amrutha Potluri,2025-10-10,18:36:42,-07:00,2025-10-10T18:36:42-07:00,1,8
style.css,154,css,2ed439bb,Amrutha Potluri,2025-10-10,18:36:42,-07:00,2025-10-10T18:36:42-07:00,0,0
style.css,155,css,2ed439bb,Amrutha Potluri,2025-10-10,18:36:42,-07:00,2025-10-10T18:36:42-07:00,0,0
style.css,156,css,2ed439bb,Amrutha Potluri,2025-10-10,18:36:42,-07:00,2025-10-10T18:36:42-07:00,0,10
style.css,157,css,2ed439bb,Amrutha Potluri,2025-10-10,18:36:42,-07:00,2025-10-10T18:36:42-07:00,1,16
style.css,158,css,2ed439bb,Amrutha Potluri,2025-10-10,18:36:42,-07:00,2025-10-10T18:36:42-07:00,0,0
style.css,159,css,2ed439bb,Amrutha Potluri,2025-10-10,18:36:42,-07:00,2025-10-10T18:36:42-07:00,0,0
style.css,160,css,2ed439bb,Amrutha Potluri,2025-10-10,18:36:42,-07:00,2025-10-10T18:36:42-07:00,0,16
style.css,161,css,2ed439bb,Amrutha Potluri,2025-10-10,18:36:42,-07:00,2025-10-10T18:36:42-07:00,1,17
style.css,162,css,2ed439bb,Amrutha Potluri,2025-10-10,18:36:42,-07:00,2025-10-10T18:36:42-07:00,1,10
style.css,163,css,2ed439bb,Amrutha Potluri,2025-10-10,18:36:42,-07:00,2025-10-10T18:36:42-07:00,0,0
style.css,164,css,2ed439bb,Amrutha Potluri,2025-10-10,18:36:42,-07:00,2025-10-10T18:36:42-07:00,0,0
style.css,165,css,2ed439bb,Amrutha Potluri,2025-10-10,18:36:42,-07:00,2025-10-10T18:36:42-07:00,0,24
style.css,166,css,2ed439bb,Amrutha Potluri,2025-10-10,18:36:42,-07:00,2025-10-10T18:36:42-07:00,1,20
style.css,167,css,2ed439bb,Amrutha Potluri,2025-10-10,18:36:42,-07:00,2025-10-10T18:36:42-07:00,1,16
style.css,168,css,2ed439bb,Amrutha Potluri,2025-10-10,18:36:42,-07:00,2025-10-10T18:36:42-07:00,1,19
style.css,169,css,2ed439bb,Amrutha Potluri,2025-10-10,18:36:42,-07:00,2025-10-10T18:36:42-07:00,0,0
style.css,170,css,2ed439bb,Amrutha Potluri,2025-10-10,18:36:42,-07:00,2025-10-10T18:36:42-07:00,0,0
style.css,171,css,2ed439bb,Amrutha Potluri,2025-10-10,18:36:42,-07:00,2025-10-10T18:36:42-07:00,0,25
style.css,172,css,2ed439bb,Amrutha Potluri,2025-10-10,18:36:42,-07:00,2025-10-10T18:36:42-07:00,1,20
style.css,173,css,2ed439bb,Amrutha Potluri,2025-10-10,18:36:42,-07:00,2025-10-10T18:36:42-07:00,1,13
style.css,174,css,21046396,Amrutha Potluri,2025-10-17,16:57:08,-07:00,2025-10-17T16:57:08-07:00,0,0
style.css,175,css,21046396,Amrutha Potluri,2025-10-17,16:57:08,-07:00,2025-10-17T16:57:08-07:00,0,0
style.css,176,css,21046396,Amrutha Potluri,2025-10-17,16:57:08,-07:00,2025-10-17T16:57:08-07:00,0,13
style.css,177,css,21046396,Amrutha Potluri,2025-10-17,16:57:08,-07:00,2025-10-17T16:57:08-07:00,1,17
style.css,178,css,21046396,Amrutha Potluri,2025-10-17,16:57:08,-07:00,2025-10-17T16:57:08-07:00,1,8
style.css,179,css,21046396,Amrutha Potluri,2025-10-17,16:57:08,-07:00,2025-10-17T16:57:08-07:00,1,10
style.css,180,css,21046396,Amrutha Potluri,2025-10-17,16:57:08,-07:00,2025-10-17T16:57:08-07:00,1,13
style.css,181,css,53bfee39,Amrutha Potluri,2025-10-22,20:33:55,-07:00,2025-10-22T20:33:55-07:00,0,0
style.css,182,css,53bfee39,Amrutha Potluri,2025-10-22,20:33:55,-07:00,2025-10-22T20:33:55-07:00,0,0
style.css,183,css,53bfee39,Amrutha Potluri,2025-10-22,20:33:55,-07:00,2025-10-22T20:33:55-07:00,0,17
style.css,184,css,53bfee39,Amrutha Potluri,2025-10-22,20:33:55,-07:00,2025-10-22T20:33:55-07:00,1,12
style.css,185,css,53bfee39,Amrutha Potluri,2025-10-22,20:33:55,-07:00,2025-10-22T20:33:55-07:00,1,36
style.css,186,css,53bfee39,Amrutha Potluri,2025-10-22,20:33:55,-07:00,2025-10-22T20:33:55-07:00,1,8
style.css,187,css,53bfee39,Amrutha Potluri,2025-10-22,20:33:55,-07:00,2025-10-22T20:33:55-07:00,0,0
style.css,188,css,53bfee39,Amrutha Potluri,2025-10-22,20:33:55,-07:00,2025-10-22T20:33:55-07:00,0,0
style.css,189,css,53bfee39,Amrutha Potluri,2025-10-22,20:33:55,-07:00,2025-10-22T20:33:55-07:00,0,17
style.css,190,css,53bfee39,Amrutha Potluri,2025-10-22,20:33:55,-07:00,2025-10-22T20:33:55-07:00,1,10
style.css,191,css,53bfee39,Amrutha Potluri,2025-10-22,20:33:55,-07:00,2025-10-22T20:33:55-07:00,1,16
style.css,192,css,53bfee39,Amrutha Potluri,2025-10-22,20:33:55,-07:00,2025-10-22T20:33:55-07:00,1,16
style.css,193,css,53bfee39,Amrutha Potluri,2025-10-22,20:33:55,-07:00,2025-10-22T20:33:55-07:00,0,0
style.css,194,css,53bfee39,Amrutha Potluri,2025-10-22,20:33:55,-07:00,2025-10-22T20:33:55-07:00,0,0
style.css,195,css,53bfee39,Amrutha Potluri,2025-10-22,20:33:55,-07:00,2025-10-22T20:33:55-07:00,0,17
style.css,196,css,53bfee39,Amrutha Potluri,2025-10-22,20:33:55,-07:00,2025-10-22T20:33:55-07:00,1,10
style.css,197,css,53bfee39,Amrutha Potluri,2025-10-22,20:33:55,-07:00,2025-10-22T20:33:55-07:00,1,16
style.css,198,css,53bfee39,Amrutha Potluri,2025-10-22,20:33:55,-07:00,2025-10-22T20:33:55-07:00,1,8
style.css,199,css,53bfee39,Amrutha Potluri,2025-10-22,20:33:55,-07:00,2025-10-22T20:33:55-07:00,0,0
style.css,200,css,53bfee39,Amrutha Potluri,2025-10-22,20:33:55,-07:00,2025-10-22T20:33:55-07:00,0,0
style.css,201,css,53bfee39,Amrutha Potluri,2025-10-22,20:33:55,-07:00,2025-10-22T20:33:55-07:00,0,7
style.css,202,css,53bfee39,Amrutha Potluri,2025-10-22,20:33:55,-07:00,2025-10-22T20:33:55-07:00,1,12
style.css,203,css,53bfee39,Amrutha Potluri,2025-10-22,20:33:55,-07:00,2025-10-22T20:33:55-07:00,1,18
style.css,204,css,53bfee39,Amrutha Potluri,2025-10-22,20:33:55,-07:00,2025-10-22T20:33:55-07:00,1,14
style.css,205,css,53bfee39,Amrutha Potluri,2025-10-22,20:33:55,-07:00,2025-10-22T20:33:55-07:00,1,15
style.css,206,css,53bfee39,Amrutha Potluri,2025-10-22,20:33:55,-07:00,2025-10-22T20:33:55-07:00,0,0
style.css,207,css,53bfee39,Amrutha Potluri,2025-10-22,20:33:55,-07:00,2025-10-22T20:33:55-07:00,0,0
style.css,208,css,53bfee39,Amrutha Potluri,2025-10-22,20:33:55,-07:00,2025-10-22T20:33:55-07:00,0,31
style.css,209,css,53bfee39,Amrutha Potluri,2025-10-22,20:33:55,-07:00,2025-10-22T20:33:55-07:00,1,12
style.css,210,css,53bfee39,Amrutha Potluri,2025-10-22,20:33:55,-07:00,2025-10-22T20:33:55-07:00,0,0
style.css,211,css,53bfee39,Amrutha Potluri,2025-10-22,20:33:55,-07:00,2025-10-22T20:33:55-07:00,0,0
style.css,212,css,53bfee39,Amrutha Potluri,2025-10-22,20:33:55,-07:00,2025-10-22T20:33:55-07:00,0,15
style.css,213,css,53bfee39,Amrutha Potluri,2025-10-22,20:33:55,-07:00,2025-10-22T20:33:55-07:00,1,11
style.css,214,css,53bfee39,Amrutha Potluri,2025-10-22,20:33:55,-07:00,2025-10-22T20:33:55-07:00,1,15
style.css,215,css,53bfee39,Amrutha Potluri,2025-10-22,20:33:55,-07:00,2025-10-22T20:33:55-07:00,1,19
style.css,216,css,53bfee39,Amrutha Potluri,2025-10-22,20:33:55,-07:00,2025-10-22T20:33:55-07:00,1,37
style.css,217,css,53bfee39,Amrutha Potluri,2025-10-22,20:33:55,-07:00,2025-10-22T20:33:55-07:00,0,0
style.css,218,css,53bfee39,Amrutha Potluri,2025-10-22,20:33:55,-07:00,2025-10-22T20:33:55-07:00,0,0
style.css,219,css,53bfee39,Amrutha Potluri,2025-10-22,20:33:55,-07:00,2025-10-22T20:33:55-07:00,0,31
style.css,220,css,53bfee39,Amrutha Potluri,2025-10-22,20:33:55,-07:00,2025-10-22T20:33:55-07:00,1,23
style.css,221,css,28f6aed5,Amrutha Potluri,2025-10-29,23:25:55,-07:00,2025-10-29T23:25:55-07:00,0,0
style.css,222,css,28f6aed5,Amrutha Potluri,2025-10-29,23:25:55,-07:00,2025-10-29T23:25:55-07:00,0,0
style.css,223,css,28f6aed5,Amrutha Potluri,2025-10-29,23:25:55,-07:00,2025-10-29T23:25:55-07:00,0,13
style.css,224,css,28f6aed5,Amrutha Potluri,2025-10-29,23:25:55,-07:00,2025-10-29T23:25:55-07:00,2,10
style.css,225,css,28f6aed5,Amrutha Potluri,2025-10-29,23:25:55,-07:00,2025-10-29T23:25:55-07:00,2,61
style.css,226,css,28f6aed5,Amrutha Potluri,2025-10-29,23:25:55,-07:00,2025-10-29T23:25:55-07:00,2,15
style.css,227,css,28f6aed5,Amrutha Potluri,2025-10-29,23:25:55,-07:00,2025-10-29T23:25:55-07:00,2,34
style.css,228,css,28f6aed5,Amrutha Potluri,2025-10-29,23:25:55,-07:00,2025-10-29T23:25:55-07:00,2,13
style.css,229,css,28f6aed5,Amrutha Potluri,2025-10-29,23:25:55,-07:00,2025-10-29T23:25:55-07:00,2,14
style.css,230,css,28f6aed5,Amrutha Potluri,2025-10-29,23:25:55,-07:00,2025-10-29T23:25:55-07:00,0,0
style.css,231,css,28f6aed5,Amrutha Potluri,2025-10-29,23:25:55,-07:00,2025-10-29T23:25:55-07:00,0,0
style.css,232,css,28f6aed5,Amrutha Potluri,2025-10-29,23:25:55,-07:00,2025-10-29T23:25:55-07:00,0,18
style.css,233,css,28f6aed5,Amrutha Potluri,2025-10-29,23:25:55,-07:00,2025-10-29T23:25:55-07:00,1,14
style.css,234,css,28f6aed5,Amrutha Potluri,2025-10-29,23:25:55,-07:00,2025-10-29T23:25:55-07:00,1,16
style.css,235,css,28f6aed5,Amrutha Potluri,2025-10-29,23:25:55,-07:00,2025-10-29T23:25:55-07:00,1,16
style.css,236,css,28f6aed5,Amrutha Potluri,2025-10-29,23:25:55,-07:00,2025-10-29T23:25:55-07:00,1,13
style.css,237,css,28f6aed5,Amrutha Potluri,2025-10-29,23:25:55,-07:00,2025-10-29T23:25:55-07:00,0,0
style.css,238,css,28f6aed5,Amrutha Potluri,2025-10-29,23:25:55,-07:00,2025-10-29T23:25:55-07:00,0,0
style.css,239,css,28f6aed5,Amrutha Potluri,2025-10-29,23:25:55,-07:00,2025-10-29T23:25:55-07:00,0,7
style.css,240,css,28f6aed5,Amrutha Potluri,2025-10-29,23:25:55,-07:00,2025-10-29T23:25:55-07:00,2,15
style.css,241,css,28f6aed5,Amrutha Potluri,2025-10-29,23:25:55,-07:00,2025-10-29T23:25:55-07:00,2,11
style.css,242,css,28f6aed5,Amrutha Potluri,2025-10-29,23:25:55,-07:00,2025-10-29T23:25:55-07:00,2,12
style.css,243,css,28f6aed5,Amrutha Potluri,2025-10-29,23:25:55,-07:00,2025-10-29T23:25:55-07:00,2,40
style.css,244,css,28f6aed5,Amrutha Potluri,2025-10-29,23:25:55,-07:00,2025-10-29T23:25:55-07:00,2,12
style.css,245,css,28f6aed5,Amrutha Potluri,2025-10-29,23:25:55,-07:00,2025-10-29T23:25:55-07:00,2,15
style.css,246,css,28f6aed5,Amrutha Potluri,2025-10-29,23:25:55,-07:00,2025-10-29T23:25:55-07:00,2,57
style.css,247,css,28f6aed5,Amrutha Potluri,2025-10-29,23:25:55,-07:00,2025-10-29T23:25:55-07:00,2,6
style.css,248,css,28f6aed5,Amrutha Potluri,2025-10-29,23:25:55,-07:00,2025-10-29T23:25:55-07:00,0,0
style.css,249,css,28f6aed5,Amrutha Potluri,2025-10-29,23:25:55,-07:00,2025-10-29T23:25:55-07:00,0,0
style.css,250,css,28f6aed5,Amrutha Potluri,2025-10-29,23:25:55,-07:00,2025-10-29T23:25:55-07:00,0,12
style.css,251,css,28f6aed5,Amrutha Potluri,2025-10-29,23:25:55,-07:00,2025-10-29T23:25:55-07:00,2,12
style.css,252,css,28f6aed5,Amrutha Potluri,2025-10-29,23:25:55,-07:00,2025-10-29T23:25:55-07:00,2,18
style.css,253,css,28f6aed5,Amrutha Potluri,2025-10-29,23:25:55,-07:00,2025-10-29T23:25:55-07:00,0,0
style.css,254,css,28f6aed5,Amrutha Potluri,2025-10-29,23:25:55,-07:00,2025-10-29T23:25:55-07:00,0,0
style.css,255,css,28f6aed5,Amrutha Potluri,2025-10-29,23:25:55,-07:00,2025-10-29T23:25:55-07:00,0,7
style.css,256,css,28f6aed5,Amrutha Potluri,2025-10-29,23:25:55,-07:00,2025-10-29T23:25:55-07:00,2,20
style.css,257,css,28f6aed5,Amrutha Potluri,2025-10-29,23:25:55,-07:00,2025-10-29T23:25:55-07:00,2,11
style.css,258,css,28f6aed5,Amrutha Potluri,2025-10-29,23:25:55,-07:00,2025-10-29T23:25:55-07:00,2,12
style.css,259,css,28f6aed5,Amrutha Potluri,2025-10-29,23:25:55,-07:00,2025-10-29T23:25:55-07:00,2,18
style.css,260,css,28f6aed5,Amrutha Potluri,2025-10-29,23:25:55,-07:00,2025-10-29T23:25:55-07:00,2,29
style.css,261,css,28f6aed5,Amrutha Potluri,2025-10-29,23:25:55,-07:00,2025-10-29T23:25:55-07:00,2,17
style.css,262,css,28f6aed5,Amrutha Potluri,2025-10-29,23:25:55,-07:00,2025-10-29T23:25:55-07:00,0,0
style.css,263,css,28f6aed5,Amrutha Potluri,2025-10-29,23:25:55,-07:00,2025-10-29T23:25:55-07:00,0,0
style.css,264,css,28f6aed5,Amrutha Potluri,2025-10-29,23:25:55,-07:00,2025-10-29T23:25:55-07:00,0,16
style.css,265,css,28f6aed5,Amrutha Potluri,2025-10-29,23:25:55,-07:00,2025-10-29T23:25:55-07:00,2,12
style.css,266,css,28f6aed5,Amrutha Potluri,2025-10-29,23:25:55,-07:00,2025-10-29T23:25:55-07:00,2,22
style.css,267,css,28f6aed5,Amrutha Potluri,2025-10-29,23:25:55,-07:00,2025-10-29T23:25:55-07:00,2,7
style.css,268,css,28f6aed5,Amrutha Potluri,2025-10-29,23:25:55,-07:00,2025-10-29T23:25:55-07:00,2,17
style.css,269,css,28f6aed5,Amrutha Potluri,2025-10-29,23:25:55,-07:00,2025-10-29T23:25:55-07:00,0,0
style.css,270,css,28f6aed5,Amrutha Potluri,2025-10-29,23:25:55,-07:00,2025-10-29T23:25:55-07:00,0,0
style.css,271,css,28f6aed5,Amrutha Potluri,2025-10-29,23:25:55,-07:00,2025-10-29T23:25:55-07:00,0,23
style.css,272,css,28f6aed5,Amrutha Potluri,2025-10-29,23:25:55,-07:00,2025-10-29T23:25:55-07:00,1,60
style.css,273,css,28f6aed5,Amrutha Potluri,2025-10-29,23:25:55,-07:00,2025-10-29T23:25:55-07:00,1,14
style.css,274,css,28f6aed5,Amrutha Potluri,2025-10-29,23:25:55,-07:00,2025-10-29T23:25:55-07:00,0,0
style.css,275,css,28f6aed5,Amrutha Potluri,2025-10-29,23:25:55,-07:00,2025-10-29T23:25:55-07:00,0,0
style.css,276,css,28f6aed5,Amrutha Potluri,2025-10-29,23:25:55,-07:00,2025-10-29T23:25:55-07:00,0,51
style.css,277,css,28f6aed5,Amrutha Potluri,2025-10-29,23:25:55,-07:00,2025-10-29T23:25:55-07:00,2,11
style.css,278,css,28f6aed5,Amrutha Potluri,2025-10-29,23:25:55,-07:00,2025-10-29T23:25:55-07:00,0,0
style.css,279,css,28f6aed5,Amrutha Potluri,2025-10-29,23:25:55,-07:00,2025-10-29T23:25:55-07:00,0,0
style.css,280,css,28f6aed5,Amrutha Potluri,2025-10-29,23:25:55,-07:00,2025-10-29T23:25:55-07:00,0,9
style.css,281,css,28f6aed5,Amrutha Potluri,2025-10-29,23:25:55,-07:00,2025-10-29T23:25:55-07:00,2,35
style.css,282,css,28f6aed5,Amrutha Potluri,2025-10-29,23:25:55,-07:00,2025-10-29T23:25:55-07:00,0,0
style.css,283,css,28f6aed5,Amrutha Potluri,2025-10-29,23:25:55,-07:00,2025-10-29T23:25:55-07:00,0,0
style.css,284,css,28f6aed5,Amrutha Potluri,2025-10-29,23:25:55,-07:00,2025-10-29T23:25:55-07:00,0,18
style.css,285,css,28f6aed5,Amrutha Potluri,2025-10-29,23:25:55,-07:00,2025-10-29T23:25:55-07:00,2,17
style.css,286,css,28f6aed5,Amrutha Potluri,2025-10-29,23:25:55,-07:00,2025-10-29T23:25:55-07:00,0,0
style.css,287,css,28f6aed5,Amrutha Potluri,2025-10-29,23:25:55,-07:00,2025-10-29T23:25:55-07:00,0,0
style.css,288,css,28f6aed5,Amrutha Potluri,2025-10-29,23:25:55,-07:00,2025-10-29T23:25:55-07:00,0,21
style.css,289,css,28f6aed5,Amrutha Potluri,2025-10-29,23:25:55,-07:00,2025-10-29T23:25:55-07:00,2,29
style.css,290,css,28f6aed5,Amrutha Potluri,2025-10-29,23:25:55,-07:00,2025-10-29T23:25:55-07:00,2,62
style.css,291,css,28f6aed5,Amrutha Potluri,2025-10-29,23:25:55,-07:00,2025-10-29T23:25:55-07:00,0,0
style.css,292,css,28f6aed5,Amrutha Potluri,2025-10-29,23:25:55,-07:00,2025-10-29T23:25:55-07:00,0,0
style.css,293,css,28f6aed5,Amrutha Potluri,2025-10-29,23:25:55,-07:00,2025-10-29T23:25:55-07:00,0,29
style.css,294,css,28f6aed5,Amrutha Potluri,2025-10-29,23:25:55,-07:00,2025-10-29T23:25:55-07:00,2,40
style.css,295,css,06947810,Amrutha Potluri,2025-10-30,00:05:46,-07:00,2025-10-30T00:05:46-07:00,0,0
style.css,296,css,06947810,Amrutha Potluri,2025-10-30,00:05:46,-07:00,2025-10-30T00:05:46-07:00,0,0
style.css,297,css,06947810,Amrutha Potluri,2025-10-30,00:05:46,-07:00,2025-10-30T00:05:46-07:00,0,10
style.css,298,css,06947810,Amrutha Potluri,2025-10-30,00:05:46,-07:00,2025-10-30T00:05:46-07:00,2,10
style.css,299,css,06947810,Amrutha Potluri,2025-10-30,00:05:46,-07:00,2025-10-30T00:05:46-07:00,2,27
style.css,300,css,06947810,Amrutha Potluri,2025-10-30,00:05:46,-07:00,2025-10-30T00:05:46-07:00,2,13
style.css,301,css,06947810,Amrutha Potluri,2025-10-30,00:05:46,-07:00,2025-10-30T00:05:46-07:00,2,21
style.css,302,css,06947810,Amrutha Potluri,2025-10-30,00:05:46,-07:00,2025-10-30T00:05:46-07:00,2,17
style.css,303,css,06947810,Amrutha Potluri,2025-10-30,00:05:46,-07:00,2025-10-30T00:05:46-07:00,2,23
style.css,304,css,06947810,Amrutha Potluri,2025-10-30,00:05:46,-07:00,2025-10-30T00:05:46-07:00,2,20
style.css,305,css,06947810,Amrutha Potluri,2025-10-30,00:05:46,-07:00,2025-10-30T00:05:46-07:00,2,15
style.css,306,css,25d930bf,Amrutha Potluri,2025-10-30,00:32:37,-07:00,2025-10-30T00:32:37-07:00,2,29
style.css,307,css,06947810,Amrutha Potluri,2025-10-30,00:05:46,-07:00,2025-10-30T00:05:46-07:00,2,368
style.css,308,css,06947810,Amrutha Potluri,2025-10-30,00:05:46,-07:00,2025-10-30T00:05:46-07:00,2,27
style.css,309,css,06947810,Amrutha Potluri,2025-10-30,00:05:46,-07:00,2025-10-30T00:05:46-07:00,2,31
style.css,310,css,06947810,Amrutha Potluri,2025-10-30,00:05:46,-07:00,2025-10-30T00:05:46-07:00,2,25
style.css,311,css,06947810,Amrutha Potluri,2025-10-30,00:05:46,-07:00,2025-10-30T00:05:46-07:00,2,17
style.css,312,css,06947810,Amrutha Potluri,2025-10-30,00:05:46,-07:00,2025-10-30T00:05:46-07:00,0,0
style.css,313,css,06947810,Amrutha Potluri,2025-10-30,00:05:46,-07:00,2025-10-30T00:05:46-07:00,0,0
style.css,314,css,06947810,Amrutha Potluri,2025-10-30,00:05:46,-07:00,2025-10-30T00:05:46-07:00,0,40
style.css,315,css,06947810,Amrutha Potluri,2025-10-30,00:05:46,-07:00,2025-10-30T00:05:46-07:00,2,23
style.css,316,css,06947810,Amrutha Potluri,2025-10-30,00:05:46,-07:00,2025-10-30T00:05:46-07:00,2,15
style.css,317,css,06947810,Amrutha Potluri,2025-10-30,00:05:46,-07:00,2025-10-30T00:05:46-07:00,2,12
style.css,318,css,06947810,Amrutha Potluri,2025-10-30,00:05:46,-07:00,2025-10-30T00:05:46-07:00,0,0
style.css,319,css,06947810,Amrutha Potluri,2025-10-30,00:05:46,-07:00,2025-10-30T00:05:46-07:00,0,0
style.css,320,css,06947810,Amrutha Potluri,2025-10-30,00:05:46,-07:00,2025-10-30T00:05:46-07:00,0,16
style.css,321,css,25d930bf,Amrutha Potluri,2025-10-30,00:32:37,-07:00,2025-10-30T00:32:37-07:00,2,27
style.css,322,css,3e22976c,Amrutha Potluri,2025-10-30,00:24:41,-07:00,2025-10-30T00:24:41-07:00,2,15
style.css,323,css,25d930bf,Amrutha Potluri,2025-10-30,00:32:37,-07:00,2025-10-30T00:32:37-07:00,2,32
style.css,324,css,c419f196,Amrutha Potluri,2025-10-30,00:27:43,-07:00,2025-10-30T00:27:43-07:00,2,12
style.css,325,css,06947810,Amrutha Potluri,2025-10-30,00:05:46,-07:00,2025-10-30T00:05:46-07:00,0,0
style.css,326,css,06947810,Amrutha Potluri,2025-10-30,00:05:46,-07:00,2025-10-30T00:05:46-07:00,0,0
style.css,327,css,06947810,Amrutha Potluri,2025-10-30,00:05:46,-07:00,2025-10-30T00:05:46-07:00,0,23
style.css,328,css,06947810,Amrutha Potluri,2025-10-30,00:05:46,-07:00,2025-10-30T00:05:46-07:00,2,10
style.css,329,css,25d930bf,Amrutha Potluri,2025-10-30,00:32:37,-07:00,2025-10-30T00:32:37-07:00,0,0
style.css,330,css,25d930bf,Amrutha Potluri,2025-10-30,00:32:37,-07:00,2025-10-30T00:32:37-07:00,0,0
style.css,331,css,25d930bf,Amrutha Potluri,2025-10-30,00:32:37,-07:00,2025-10-30T00:32:37-07:00,0,29
style.css,332,css,3e22976c,Amrutha Potluri,2025-10-30,00:24:41,-07:00,2025-10-30T00:24:41-07:00,2,17
style.css,333,css,44346a27,Amrutha Potluri,2025-10-03,14:32:11,-07:00,2025-10-03T14:32:11-07:00,0,0
index.js,1,js,53bfee39,Amrutha Potluri,2025-10-22,20:33:55,-07:00,2025-10-22T20:33:55-07:00,0,57
index.js,2,js,53bfee39,Amrutha Potluri,2025-10-22,20:33:55,-07:00,2025-10-22T20:33:55-07:00,1,0
index.js,3,js,53bfee39,Amrutha Potluri,2025-10-22,20:33:55,-07:00,2025-10-22T20:33:55-07:00,1,3
index.js,4,js,53bfee39,Amrutha Potluri,2025-10-22,20:33:55,-07:00,2025-10-22T20:33:55-07:00,2,81
index.js,5,js,53bfee39,Amrutha Potluri,2025-10-22,20:33:55,-07:00,2025-10-22T20:33:55-07:00,0,0
index.js,6,js,53bfee39,Amrutha Potluri,2025-10-22,20:33:55,-07:00,2025-10-22T20:33:55-07:00,2,54
index.js,7,js,53bfee39,Amrutha Potluri,2025-10-22,20:33:55,-07:00,2025-10-22T20:33:55-07:00,2,42
index.js,8,js,53bfee39,Amrutha Potluri,2025-10-22,20:33:55,-07:00,2025-10-22T20:33:55-07:00,2,60
index.js,9,js,53bfee39,Amrutha Potluri,2025-10-22,20:33:55,-07:00,2025-10-22T20:33:55-07:00,0,0
index.js,10,js,53bfee39,Amrutha Potluri,2025-10-22,20:33:55,-07:00,2025-10-22T20:33:55-07:00,2,22
index.js,11,js,53bfee39,Amrutha Potluri,2025-10-22,20:33:55,-07:00,2025-10-22T20:33:55-07:00,3,54
index.js,12,js,53bfee39,Amrutha Potluri,2025-10-22,20:33:55,-07:00,2025-10-22T20:33:55-07:00,2,0
index.js,13,js,53bfee39,Amrutha Potluri,2025-10-22,20:33:55,-07:00,2025-10-22T20:33:55-07:00,0,0
index.js,14,js,53bfee39,Amrutha Potluri,2025-10-22,20:33:55,-07:00,2025-10-22T20:33:55-07:00,2,57
index.js,15,js,53bfee39,Amrutha Potluri,2025-10-22,20:33:55,-07:00,2025-10-22T20:33:55-07:00,2,60
index.js,16,js,53bfee39,Amrutha Potluri,2025-10-22,20:33:55,-07:00,2025-10-22T20:33:55-07:00,0,0
index.js,17,js,53bfee39,Amrutha Potluri,2025-10-22,20:33:55,-07:00,2025-10-22T20:33:55-07:00,2,31
index.js,18,js,53bfee39,Amrutha Potluri,2025-10-22,20:33:55,-07:00,2025-10-22T20:33:55-07:00,3,24
index.js,19,js,53bfee39,Amrutha Potluri,2025-10-22,20:33:55,-07:00,2025-10-22T20:33:55-07:00,6,2
index.js,20,js,53bfee39,Amrutha Potluri,2025-10-22,20:33:55,-07:00,2025-10-22T20:33:55-07:00,7,55
index.js,21,js,53bfee39,Amrutha Potluri,2025-10-22,20:33:55,-07:00,2025-10-22T20:33:55-07:00,7,55
index.js,22,js,53bfee39,Amrutha Potluri,2025-10-22,20:33:55,-07:00,2025-10-22T20:33:55-07:00,7,49
index.js,23,js,53bfee39,Amrutha Potluri,2025-10-22,20:33:55,-07:00,2025-10-22T20:33:55-07:00,7,49
index.js,24,js,53bfee39,Amrutha Potluri,2025-10-22,20:33:55,-07:00,2025-10-22T20:33:55-07:00,6,3
index.js,25,js,53bfee39,Amrutha Potluri,2025-10-22,20:33:55,-07:00,2025-10-22T20:33:55-07:00,4,0
index.js,26,js,53bfee39,Amrutha Potluri,2025-10-22,20:33:55,-07:00,2025-10-22T20:33:55-07:00,2,23
index.js,27,js,53bfee39,Amrutha Potluri,2025-10-22,20:33:55,-07:00,2025-10-22T20:33:55-07:00,3,69
index.js,28,js,53bfee39,Amrutha Potluri,2025-10-22,20:33:55,-07:00,2025-10-22T20:33:55-07:00,2,0
index.js,29,js,53bfee39,Amrutha Potluri,2025-10-22,20:33:55,-07:00,2025-10-22T20:33:55-07:00,0,0
index.js,30,js,53bfee39,Amrutha Potluri,2025-10-22,20:33:55,-07:00,2025-10-22T20:33:55-07:00,1,15
index.js,31,js,53bfee39,Amrutha Potluri,2025-10-22,20:33:55,-07:00,2025-10-22T20:33:55-07:00,2,49
index.js,32,js,53bfee39,Amrutha Potluri,2025-10-22,20:33:55,-07:00,2025-10-22T20:33:55-07:00,1,0
index.js,33,js,53bfee39,Amrutha Potluri,2025-10-22,20:33:55,-07:00,2025-10-22T20:33:55-07:00,0,0
index.js,34,js,53bfee39,Amrutha Potluri,2025-10-22,20:33:55,-07:00,2025-10-22T20:33:55-07:00,0,1
index.html,1,html,abac4355,Amrutha Potluri,2025-10-03,12:27:34,-07:00,2025-10-03T12:27:34-07:00,0,13
index.html,2,html,abac4355,Amrutha Potluri,2025-10-03,12:27:34,-07:00,2025-10-03T12:27:34-07:00,0,14
index.html,3,html,abac4355,Amrutha Potluri,2025-10-03,12:27:34,-07:00,2025-10-03T12:27:34-07:00,0,4
index.html,4,html,abac4355,Amrutha Potluri,2025-10-03,12:27:34,-07:00,2025-10-03T12:27:34-07:00,2,20
index.html,5,html,abac4355,Amrutha Potluri,2025-10-03,12:27:34,-07:00,2025-10-03T12:27:34-07:00,2,68
index.html,6,html,2ed439bb,Amrutha Potluri,2025-10-10,18:36:42,-07:00,2025-10-10T18:36:42-07:00,2,38
index.html,7,html,44346a27,Amrutha Potluri,2025-10-03,14:32:11,-07:00,2025-10-03T14:32:11-07:00,2,57
index.html,8,html,abac4355,Amrutha Potluri,2025-10-03,12:27:34,-07:00,2025-10-03T12:27:34-07:00,0,5
index.html,9,html,abac4355,Amrutha Potluri,2025-10-03,12:27:34,-07:00,2025-10-03T12:27:34-07:00,0,4
index.html,10,html,9a33bfc8,Amrutha Potluri,2025-10-03,17:36:45,-07:00,2025-10-03T17:36:45-07:00,2,6
index.html,11,html,9a33bfc8,Amrutha Potluri,2025-10-03,17:36:45,-07:00,2025-10-03T17:36:45-07:00,4,22
index.html,12,html,9a33bfc8,Amrutha Potluri,2025-10-03,17:36:45,-07:00,2025-10-03T17:36:45-07:00,2,7
index.html,13,html,44346a27,Amrutha Potluri,2025-10-03,14:32:11,-07:00,2025-10-03T14:32:11-07:00,2,97
index.html,14,html,9a33bfc8,Amrutha Potluri,2025-10-03,17:36:45,-07:00,2025-10-03T17:36:45-07:00,2,93
index.html,15,html,53bfee39,Amrutha Potluri,2025-10-22,20:33:55,-07:00,2025-10-22T20:33:55-07:00,0,0
index.html,16,html,53bfee39,Amrutha Potluri,2025-10-22,20:33:55,-07:00,2025-10-22T20:33:55-07:00,2,22
index.html,17,html,53bfee39,Amrutha Potluri,2025-10-22,20:33:55,-07:00,2025-10-22T20:33:55-07:00,2,20
index.html,18,html,53bfee39,Amrutha Potluri,2025-10-22,20:33:55,-07:00,2025-10-22T20:33:55-07:00,3,4
index.html,19,html,53bfee39,Amrutha Potluri,2025-10-22,20:33:55,-07:00,2025-10-22T20:33:55-07:00,0,0
index.html,20,html,53bfee39,Amrutha Potluri,2025-10-22,20:33:55,-07:00,2025-10-22T20:33:55-07:00,2,7
index.html,21,html,53bfee39,Amrutha Potluri,2025-10-22,20:33:55,-07:00,2025-10-22T20:33:55-07:00,4,66
index.html,22,html,53bfee39,Amrutha Potluri,2025-10-22,20:33:55,-07:00,2025-10-22T20:33:55-07:00,4,4
index.html,23,html,53bfee39,Amrutha Potluri,2025-10-22,20:33:55,-07:00,2025-10-22T20:33:55-07:00,2,8
index.html,24,html,53bfee39,Amrutha Potluri,2025-10-22,20:33:55,-07:00,2025-10-22T20:33:55-07:00,2,0
index.html,25,html,53bfee39,Amrutha Potluri,2025-10-22,20:33:55,-07:00,2025-10-22T20:33:55-07:00,2,45
index.html,26,html,53bfee39,Amrutha Potluri,2025-10-22,20:33:55,-07:00,2025-10-22T20:33:55-07:00,2,0
index.html,27,html,53bfee39,Amrutha Potluri,2025-10-22,20:33:55,-07:00,2025-10-22T20:33:55-07:00,2,44
index.html,28,html,53bfee39,Amrutha Potluri,2025-10-22,20:33:55,-07:00,2025-10-22T20:33:55-07:00,0,0
index.html,29,html,abac4355,Amrutha Potluri,2025-10-03,12:27:34,-07:00,2025-10-03T12:27:34-07:00,0,5
index.html,30,html,abac4355,Amrutha Potluri,2025-10-03,12:27:34,-07:00,2025-10-03T12:27:34-07:00,0,5
global.js,1,js,21046396,Amrutha Potluri,2025-10-17,16:57:08,-07:00,2025-10-17T16:57:08-07:00,0,25
global.js,2,js,21046396,Amrutha Potluri,2025-10-17,16:57:08,-07:00,2025-10-17T16:57:08-07:00,0,0
global.js,3,js,21046396,Amrutha Potluri,2025-10-17,16:57:08,-07:00,2025-10-17T16:57:08-07:00,0,41
global.js,4,js,21046396,Amrutha Potluri,2025-10-17,16:57:08,-07:00,2025-10-17T16:57:08-07:00,1,52
global.js,5,js,21046396,Amrutha Potluri,2025-10-17,16:57:08,-07:00,2025-10-17T16:57:08-07:00,0,0
global.js,6,js,21046396,Amrutha Potluri,2025-10-17,16:57:08,-07:00,2025-10-17T16:57:08-07:00,0,0
global.js,7,js,21046396,Amrutha Potluri,2025-10-17,16:57:08,-07:00,2025-10-17T16:57:08-07:00,0,11
global.js,8,js,21046396,Amrutha Potluri,2025-10-17,16:57:08,-07:00,2025-10-17T16:57:08-07:00,1,25
global.js,9,js,21046396,Amrutha Potluri,2025-10-17,16:57:08,-07:00,2025-10-17T16:57:08-07:00,1,38
global.js,10,js,00000000,Not Committed Yet,2025-11-05,16:25:36,-08:00,2025-11-05T16:25:36-08:00,1,34
global.js,11,js,21046396,Amrutha Potluri,2025-10-17,16:57:08,-07:00,2025-10-17T16:57:08-07:00,1,36
global.js,12,js,00000000,Not Committed Yet,2025-11-05,16:25:36,-08:00,2025-11-05T16:25:36-08:00,1,30
global.js,13,js,00000000,Not Committed Yet,2025-11-05,16:25:36,-08:00,2025-11-05T16:25:36-08:00,1,67
global.js,14,js,21046396,Amrutha Potluri,2025-10-17,16:57:08,-07:00,2025-10-17T16:57:08-07:00,0,0
global.js,15,js,21046396,Amrutha Potluri,2025-10-17,16:57:08,-07:00,2025-10-17T16:57:08-07:00,0,0
global.js,16,js,28f6aed5,Amrutha Potluri,2025-10-29,23:25:55,-07:00,2025-10-29T23:25:55-07:00,0,118
global.js,17,js,21046396,Amrutha Potluri,2025-10-17,16:57:08,-07:00,2025-10-17T16:57:08-07:00,0,0
global.js,18,js,21046396,Amrutha Potluri,2025-10-17,16:57:08,-07:00,2025-10-17T16:57:08-07:00,0,38
global.js,19,js,21046396,Amrutha Potluri,2025-10-17,16:57:08,-07:00,2025-10-17T16:57:08-07:00,0,25
global.js,20,js,21046396,Amrutha Potluri,2025-10-17,16:57:08,-07:00,2025-10-17T16:57:08-07:00,0,0
global.js,21,js,21046396,Amrutha Potluri,2025-10-17,16:57:08,-07:00,2025-10-17T16:57:08-07:00,0,20
global.js,22,js,21046396,Amrutha Potluri,2025-10-17,16:57:08,-07:00,2025-10-17T16:57:08-07:00,1,18
global.js,23,js,21046396,Amrutha Potluri,2025-10-17,16:57:08,-07:00,2025-10-17T16:57:08-07:00,1,40
global.js,24,js,21046396,Amrutha Potluri,2025-10-17,16:57:08,-07:00,2025-10-17T16:57:08-07:00,1,0
global.js,25,js,21046396,Amrutha Potluri,2025-10-17,16:57:08,-07:00,2025-10-17T16:57:08-07:00,1,47
global.js,26,js,21046396,Amrutha Potluri,2025-10-17,16:57:08,-07:00,2025-10-17T16:57:08-07:00,0,0
global.js,27,js,21046396,Amrutha Potluri,2025-10-17,16:57:08,-07:00,2025-10-17T16:57:08-07:00,1,34
global.js,28,js,21046396,Amrutha Potluri,2025-10-17,16:57:08,-07:00,2025-10-17T16:57:08-07:00,1,11
global.js,29,js,21046396,Amrutha Potluri,2025-10-17,16:57:08,-07:00,2025-10-17T16:57:08-07:00,1,20
global.js,30,js,21046396,Amrutha Potluri,2025-10-17,16:57:08,-07:00,2025-10-17T16:57:08-07:00,0,0
global.js,31,js,21046396,Amrutha Potluri,2025-10-17,16:57:08,-07:00,2025-10-17T16:57:08-07:00,1,15
global.js,32,js,21046396,Amrutha Potluri,2025-10-17,16:57:08,-07:00,2025-10-17T16:57:08-07:00,2,18
global.js,33,js,21046396,Amrutha Potluri,2025-10-17,16:57:08,-07:00,2025-10-17T16:57:08-07:00,1,0
global.js,34,js,21046396,Amrutha Potluri,2025-10-17,16:57:08,-07:00,2025-10-17T16:57:08-07:00,0,0
global.js,35,js,21046396,Amrutha Potluri,2025-10-17,16:57:08,-07:00,2025-10-17T16:57:08-07:00,1,17
global.js,36,js,21046396,Amrutha Potluri,2025-10-17,16:57:08,-07:00,2025-10-17T16:57:08-07:00,2,8
global.js,37,js,21046396,Amrutha Potluri,2025-10-17,16:57:08,-07:00,2025-10-17T16:57:08-07:00,2,58
global.js,38,js,21046396,Amrutha Potluri,2025-10-17,16:57:08,-07:00,2025-10-17T16:57:08-07:00,1,0
global.js,39,js,21046396,Amrutha Potluri,2025-10-17,16:57:08,-07:00,2025-10-17T16:57:08-07:00,0,0
global.js,40,js,21046396,Amrutha Potluri,2025-10-17,16:57:08,-07:00,2025-10-17T16:57:08-07:00,1,12
global.js,41,js,21046396,Amrutha Potluri,2025-10-17,16:57:08,-07:00,2025-10-17T16:57:08-07:00,0,0
global.js,42,js,21046396,Amrutha Potluri,2025-10-17,16:57:08,-07:00,2025-10-17T16:57:08-07:00,0,0
global.js,43,js,21046396,Amrutha Potluri,2025-10-17,16:57:08,-07:00,2025-10-17T16:57:08-07:00,0,31
global.js,44,js,21046396,Amrutha Potluri,2025-10-17,16:57:08,-07:00,2025-10-17T16:57:08-07:00,1,11
global.js,45,js,21046396,Amrutha Potluri,2025-10-17,16:57:08,-07:00,2025-10-17T16:57:08-07:00,1,0
global.js,46,js,21046396,Amrutha Potluri,2025-10-17,16:57:08,-07:00,2025-10-17T16:57:08-07:00,1,26
global.js,47,js,21046396,Amrutha Potluri,2025-10-17,16:57:08,-07:00,2025-10-17T16:57:08-07:00,2,4
global.js,48,js,21046396,Amrutha Potluri,2025-10-17,16:57:08,-07:00,2025-10-17T16:57:08-07:00,2,6
global.js,49,js,21046396,Amrutha Potluri,2025-10-17,16:57:08,-07:00,2025-10-17T16:57:08-07:00,3,43
global.js,50,js,21046396,Amrutha Potluri,2025-10-17,16:57:08,-07:00,2025-10-17T16:57:08-07:00,3,34
global.js,51,js,21046396,Amrutha Potluri,2025-10-17,16:57:08,-07:00,2025-10-17T16:57:08-07:00,3,32
global.js,52,js,21046396,Amrutha Potluri,2025-10-17,16:57:08,-07:00,2025-10-17T16:57:08-07:00,2,7
global.js,53,js,21046396,Amrutha Potluri,2025-10-17,16:57:08,-07:00,2025-10-17T16:57:08-07:00,1,6
global.js,54,js,21046396,Amrutha Potluri,2025-10-17,16:57:08,-07:00,2025-10-17T16:57:08-07:00,0,0
global.js,55,js,21046396,Amrutha Potluri,2025-10-17,16:57:08,-07:00,2025-10-17T16:57:08-07:00,0,0
global.js,56,js,21046396,Amrutha Potluri,2025-10-17,16:57:08,-07:00,2025-10-17T16:57:08-07:00,0,0
global.js,57,js,21046396,Amrutha Potluri,2025-10-17,16:57:08,-07:00,2025-10-17T16:57:08-07:00,0,60
global.js,58,js,21046396,Amrutha Potluri,2025-10-17,16:57:08,-07:00,2025-10-17T16:57:08-07:00,0,36
global.js,59,js,21046396,Amrutha Potluri,2025-10-17,16:57:08,-07:00,2025-10-17T16:57:08-07:00,0,0
global.js,60,js,21046396,Amrutha Potluri,2025-10-17,16:57:08,-07:00,2025-10-17T16:57:08-07:00,0,31
global.js,61,js,21046396,Amrutha Potluri,2025-10-17,16:57:08,-07:00,2025-10-17T16:57:08-07:00,1,45
global.js,62,js,21046396,Amrutha Potluri,2025-10-17,16:57:08,-07:00,2025-10-17T16:57:08-07:00,1,32
global.js,63,js,21046396,Amrutha Potluri,2025-10-17,16:57:08,-07:00,2025-10-17T16:57:08-07:00,1,20
global.js,64,js,21046396,Amrutha Potluri,2025-10-17,16:57:08,-07:00,2025-10-17T16:57:08-07:00,0,0
global.js,65,js,21046396,Amrutha Potluri,2025-10-17,16:57:08,-07:00,2025-10-17T16:57:08-07:00,0,0
global.js,66,js,21046396,Amrutha Potluri,2025-10-17,16:57:08,-07:00,2025-10-17T16:57:08-07:00,0,49
global.js,67,js,21046396,Amrutha Potluri,2025-10-17,16:57:08,-07:00,2025-10-17T16:57:08-07:00,1,35
global.js,68,js,21046396,Amrutha Potluri,2025-10-17,16:57:08,-07:00,2025-10-17T16:57:08-07:00,1,24
global.js,69,js,21046396,Amrutha Potluri,2025-10-17,16:57:08,-07:00,2025-10-17T16:57:08-07:00,0,1
global.js,70,js,21046396,Amrutha Potluri,2025-10-17,16:57:08,-07:00,2025-10-17T16:57:08-07:00,0,0
global.js,71,js,21046396,Amrutha Potluri,2025-10-17,16:57:08,-07:00,2025-10-17T16:57:08-07:00,0,29
global.js,72,js,21046396,Amrutha Potluri,2025-10-17,16:57:08,-07:00,2025-10-17T16:57:08-07:00,1,39
global.js,73,js,21046396,Amrutha Potluri,2025-10-17,16:57:08,-07:00,2025-10-17T16:57:08-07:00,0,0
global.js,74,js,21046396,Amrutha Potluri,2025-10-17,16:57:08,-07:00,2025-10-17T16:57:08-07:00,0,0
global.js,75,js,21046396,Amrutha Potluri,2025-10-17,16:57:08,-07:00,2025-10-17T16:57:08-07:00,0,49
global.js,76,js,21046396,Amrutha Potluri,2025-10-17,16:57:08,-07:00,2025-10-17T16:57:08-07:00,0,56
global.js,77,js,21046396,Amrutha Potluri,2025-10-17,16:57:08,-07:00,2025-10-17T16:57:08-07:00,1,21
global.js,78,js,21046396,Amrutha Potluri,2025-10-17,16:57:08,-07:00,2025-10-17T16:57:08-07:00,1,37
global.js,79,js,21046396,Amrutha Potluri,2025-10-17,16:57:08,-07:00,2025-10-17T16:57:08-07:00,1,17
global.js,80,js,21046396,Amrutha Potluri,2025-10-17,16:57:08,-07:00,2025-10-17T16:57:08-07:00,1,31
global.js,81,js,21046396,Amrutha Potluri,2025-10-17,16:57:08,-07:00,2025-10-17T16:57:08-07:00,2,53
global.js,82,js,21046396,Amrutha Potluri,2025-10-17,16:57:08,-07:00,2025-10-17T16:57:08-07:00,1,0
global.js,83,js,21046396,Amrutha Potluri,2025-10-17,16:57:08,-07:00,2025-10-17T16:57:08-07:00,1,63
global.js,84,js,21046396,Amrutha Potluri,2025-10-17,16:57:08,-07:00,2025-10-17T16:57:08-07:00,1,24
global.js,85,js,53bfee39,Amrutha Potluri,2025-10-22,20:33:55,-07:00,2025-10-22T20:33:55-07:00,0,1
global.js,86,js,53bfee39,Amrutha Potluri,2025-10-22,20:33:55,-07:00,2025-10-22T20:33:55-07:00,0,0
global.js,87,js,53bfee39,Amrutha Potluri,2025-10-22,20:33:55,-07:00,2025-10-22T20:33:55-07:00,0,36
global.js,88,js,53bfee39,Amrutha Potluri,2025-10-22,20:33:55,-07:00,2025-10-22T20:33:55-07:00,1,3
global.js,89,js,53bfee39,Amrutha Potluri,2025-10-22,20:33:55,-07:00,2025-10-22T20:33:55-07:00,2,32
global.js,90,js,53bfee39,Amrutha Potluri,2025-10-22,20:33:55,-07:00,2025-10-22T20:33:55-07:00,2,17
global.js,91,js,53bfee39,Amrutha Potluri,2025-10-22,20:33:55,-07:00,2025-10-22T20:33:55-07:00,3,66
global.js,92,js,53bfee39,Amrutha Potluri,2025-10-22,20:33:55,-07:00,2025-10-22T20:33:55-07:00,2,0
global.js,93,js,53bfee39,Amrutha Potluri,2025-10-22,20:33:55,-07:00,2025-10-22T20:33:55-07:00,2,33
global.js,94,js,53bfee39,Amrutha Potluri,2025-10-22,20:33:55,-07:00,2025-10-22T20:33:55-07:00,2,10
global.js,95,js,53bfee39,Amrutha Potluri,2025-10-22,20:33:55,-07:00,2025-10-22T20:33:55-07:00,1,15
global.js,96,js,53bfee39,Amrutha Potluri,2025-10-22,20:33:55,-07:00,2025-10-22T20:33:55-07:00,2,59
global.js,97,js,53bfee39,Amrutha Potluri,2025-10-22,20:33:55,-07:00,2025-10-22T20:33:55-07:00,1,0
global.js,98,js,53bfee39,Amrutha Potluri,2025-10-22,20:33:55,-07:00,2025-10-22T20:33:55-07:00,0,0
global.js,99,js,53bfee39,Amrutha Potluri,2025-10-22,20:33:55,-07:00,2025-10-22T20:33:55-07:00,0,0
global.js,100,js,53bfee39,Amrutha Potluri,2025-10-22,20:33:55,-07:00,2025-10-22T20:33:55-07:00,0,83
global.js,101,js,53bfee39,Amrutha Potluri,2025-10-22,20:33:55,-07:00,2025-10-22T20:33:55-07:00,1,30
global.js,102,js,53bfee39,Amrutha Potluri,2025-10-22,20:33:55,-07:00,2025-10-22T20:33:55-07:00,1,41
global.js,103,js,53bfee39,Amrutha Potluri,2025-10-22,20:33:55,-07:00,2025-10-22T20:33:55-07:00,2,48
global.js,104,js,53bfee39,Amrutha Potluri,2025-10-22,20:33:55,-07:00,2025-10-22T20:33:55-07:00,2,19
global.js,105,js,53bfee39,Amrutha Potluri,2025-10-22,20:33:55,-07:00,2025-10-22T20:33:55-07:00,3,55
global.js,106,js,28f6aed5,Amrutha Potluri,2025-10-29,23:25:55,-07:00,2025-10-29T23:25:55-07:00,3,61
global.js,107,js,71d2b247,Amrutha Potluri,2025-10-29,22:17:55,-07:00,2025-10-29T22:17:55-07:00,3,34
global.js,108,js,71d2b247,Amrutha Potluri,2025-10-29,22:17:55,-07:00,2025-10-29T22:17:55-07:00,5,33
global.js,109,js,71d2b247,Amrutha Potluri,2025-10-29,22:17:55,-07:00,2025-10-29T22:17:55-07:00,5,56
global.js,110,js,71d2b247,Amrutha Potluri,2025-10-29,22:17:55,-07:00,2025-10-29T22:17:55-07:00,3,4
global.js,111,js,53bfee39,Amrutha Potluri,2025-10-22,20:33:55,-07:00,2025-10-22T20:33:55-07:00,2,0
global.js,112,js,53bfee39,Amrutha Potluri,2025-10-22,20:33:55,-07:00,2025-10-22T20:33:55-07:00,2,36
global.js,113,js,53bfee39,Amrutha Potluri,2025-10-22,20:33:55,-07:00,2025-10-22T20:33:55-07:00,1,0
global.js,114,js,53bfee39,Amrutha Potluri,2025-10-22,20:33:55,-07:00,2025-10-22T20:33:55-07:00,0,0
global.js,115,js,53bfee39,Amrutha Potluri,2025-10-22,20:33:55,-07:00,2025-10-22T20:33:55-07:00,0,0
global.js,116,js,53bfee39,Amrutha Potluri,2025-10-22,20:33:55,-07:00,2025-10-22T20:33:55-07:00,0,47
global.js,117,js,53bfee39,Amrutha Potluri,2025-10-22,20:33:55,-07:00,2025-10-22T20:33:55-07:00,1,59
global.js,118,js,53bfee39,Amrutha Potluri,2025-10-22,20:33:55,-07:00,2025-10-22T20:33:55-07:00,0,0
resume/index.html,1,html,44346a27,Amrutha Potluri,2025-10-03,14:32:11,-07:00,2025-10-03T14:32:11-07:00,0,13
resume/index.html,2,html,44346a27,Amrutha Potluri,2025-10-03,14:32:11,-07:00,2025-10-03T14:32:11-07:00,0,14
resume/index.html,3,html,44346a27,Amrutha Potluri,2025-10-03,14:32:11,-07:00,2025-10-03T14:32:11-07:00,0,4
resume/index.html,4,html,44346a27,Amrutha Potluri,2025-10-03,14:32:11,-07:00,2025-10-03T14:32:11-07:00,2,20
resume/index.html,5,html,44346a27,Amrutha Potluri,2025-10-03,14:32:11,-07:00,2025-10-03T14:32:11-07:00,2,68
resume/index.html,6,html,2ed439bb,Amrutha Potluri,2025-10-10,18:36:42,-07:00,2025-10-10T18:36:42-07:00,2,41
resume/index.html,7,html,21046396,Amrutha Potluri,2025-10-17,16:57:08,-07:00,2025-10-17T16:57:08-07:00,2,48
resume/index.html,8,html,44346a27,Amrutha Potluri,2025-10-03,14:32:11,-07:00,2025-10-03T14:32:11-07:00,2,36
resume/index.html,9,html,44346a27,Amrutha Potluri,2025-10-03,14:32:11,-07:00,2025-10-03T14:32:11-07:00,0,5
resume/index.html,10,html,44346a27,Amrutha Potluri,2025-10-03,14:32:11,-07:00,2025-10-03T14:32:11-07:00,0,4
resume/index.html,11,html,b401860d,Amrutha Potluri,2025-10-03,17:41:24,-07:00,2025-10-03T17:41:24-07:00,2,6
resume/index.html,12,html,21046396,Amrutha Potluri,2025-10-17,16:57:08,-07:00,2025-10-17T16:57:08-07:00,4,13
resume/index.html,13,html,21046396,Amrutha Potluri,2025-10-17,16:57:08,-07:00,2025-10-17T16:57:08-07:00,2,7
resume/index.html,14,html,44346a27,Amrutha Potluri,2025-10-03,14:32:11,-07:00,2025-10-03T14:32:11-07:00,2,113
resume/index.html,15,html,44346a27,Amrutha Potluri,2025-10-03,14:32:11,-07:00,2025-10-03T14:32:11-07:00,2,2
resume/index.html,16,html,44346a27,Amrutha Potluri,2025-10-03,14:32:11,-07:00,2025-10-03T14:32:11-07:00,2,7
resume/index.html,17,html,44346a27,Amrutha Potluri,2025-10-03,14:32:11,-07:00,2025-10-03T14:32:11-07:00,4,16
resume/index.html,18,html,44346a27,Amrutha Potluri,2025-10-03,14:32:11,-07:00,2025-10-03T14:32:11-07:00,4,7
resume/index.html,19,html,44346a27,Amrutha Potluri,2025-10-03,14:32:11,-07:00,2025-10-03T14:32:11-07:00,6,48
resume/index.html,20,html,44346a27,Amrutha Potluri,2025-10-03,14:32:11,-07:00,2025-10-03T14:32:11-07:00,6,104
resume/index.html,21,html,44346a27,Amrutha Potluri,2025-10-03,14:32:11,-07:00,2025-10-03T14:32:11-07:00,6,104
resume/index.html,22,html,44346a27,Amrutha Potluri,2025-10-03,14:32:11,-07:00,2025-10-03T14:32:11-07:00,4,8
resume/index.html,23,html,44346a27,Amrutha Potluri,2025-10-03,14:32:11,-07:00,2025-10-03T14:32:11-07:00,4,7
resume/index.html,24,html,44346a27,Amrutha Potluri,2025-10-03,14:32:11,-07:00,2025-10-03T14:32:11-07:00,6,30
resume/index.html,25,html,44346a27,Amrutha Potluri,2025-10-03,14:32:11,-07:00,2025-10-03T14:32:11-07:00,6,99
resume/index.html,26,html,44346a27,Amrutha Potluri,2025-10-03,14:32:11,-07:00,2025-10-03T14:32:11-07:00,4,8
resume/index.html,27,html,44346a27,Amrutha Potluri,2025-10-03,14:32:11,-07:00,2025-10-03T14:32:11-07:00,2,8
resume/index.html,28,html,44346a27,Amrutha Potluri,2025-10-03,14:32:11,-07:00,2025-10-03T14:32:11-07:00,2,2
resume/index.html,29,html,44346a27,Amrutha Potluri,2025-10-03,14:32:11,-07:00,2025-10-03T14:32:11-07:00,2,7
resume/index.html,30,html,44346a27,Amrutha Potluri,2025-10-03,14:32:11,-07:00,2025-10-03T14:32:11-07:00,4,17
resume/index.html,31,html,44346a27,Amrutha Potluri,2025-10-03,14:32:11,-07:00,2025-10-03T14:32:11-07:00,4,7
resume/index.html,32,html,44346a27,Amrutha Potluri,2025-10-03,14:32:11,-07:00,2025-10-03T14:32:11-07:00,6,6
resume/index.html,33,html,44346a27,Amrutha Potluri,2025-10-03,14:32:11,-07:00,2025-10-03T14:32:11-07:00,8,27
resume/index.html,34,html,44346a27,Amrutha Potluri,2025-10-03,14:32:11,-07:00,2025-10-03T14:32:11-07:00,8,106
resume/index.html,35,html,44346a27,Amrutha Potluri,2025-10-03,14:32:11,-07:00,2025-10-03T14:32:11-07:00,6,7
resume/index.html,36,html,44346a27,Amrutha Potluri,2025-10-03,14:32:11,-07:00,2025-10-03T14:32:11-07:00,8,91
resume/index.html,37,html,44346a27,Amrutha Potluri,2025-10-03,14:32:11,-07:00,2025-10-03T14:32:11-07:00,8,84
resume/index.html,38,html,44346a27,Amrutha Potluri,2025-10-03,14:32:11,-07:00,2025-10-03T14:32:11-07:00,8,79
resume/index.html,39,html,44346a27,Amrutha Potluri,2025-10-03,14:32:11,-07:00,2025-10-03T14:32:11-07:00,4,8
resume/index.html,40,html,44346a27,Amrutha Potluri,2025-10-03,14:32:11,-07:00,2025-10-03T14:32:11-07:00,4,7
resume/index.html,41,html,44346a27,Amrutha Potluri,2025-10-03,14:32:11,-07:00,2025-10-03T14:32:11-07:00,6,6
resume/index.html,42,html,44346a27,Amrutha Potluri,2025-10-03,14:32:11,-07:00,2025-10-03T14:32:11-07:00,8,54
resume/index.html,43,html,44346a27,Amrutha Potluri,2025-10-03,14:32:11,-07:00,2025-10-03T14:32:11-07:00,8,70
resume/index.html,44,html,44346a27,Amrutha Potluri,2025-10-03,14:32:11,-07:00,2025-10-03T14:32:11-07:00,6,7
resume/index.html,45,html,44346a27,Amrutha Potluri,2025-10-03,14:32:11,-07:00,2025-10-03T14:32:11-07:00,6,113
resume/index.html,46,html,44346a27,Amrutha Potluri,2025-10-03,14:32:11,-07:00,2025-10-03T14:32:11-07:00,4,8
resume/index.html,47,html,44346a27,Amrutha Potluri,2025-10-03,14:32:11,-07:00,2025-10-03T14:32:11-07:00,2,8
resume/index.html,48,html,44346a27,Amrutha Potluri,2025-10-03,14:32:11,-07:00,2025-10-03T14:32:11-07:00,2,2
resume/index.html,49,html,44346a27,Amrutha Potluri,2025-10-03,14:32:11,-07:00,2025-10-03T14:32:11-07:00,2,7
resume/index.html,50,html,44346a27,Amrutha Potluri,2025-10-03,14:32:11,-07:00,2025-10-03T14:32:11-07:00,4,13
resume/index.html,51,html,44346a27,Amrutha Potluri,2025-10-03,14:32:11,-07:00,2025-10-03T14:32:11-07:00,6,87
resume/index.html,52,html,44346a27,Amrutha Potluri,2025-10-03,14:32:11,-07:00,2025-10-03T14:32:11-07:00,6,76
resume/index.html,53,html,44346a27,Amrutha Potluri,2025-10-03,14:32:11,-07:00,2025-10-03T14:32:11-07:00,2,8
resume/index.html,54,html,44346a27,Amrutha Potluri,2025-10-03,14:32:11,-07:00,2025-10-03T14:32:11-07:00,0,5
resume/index.html,55,html,44346a27,Amrutha Potluri,2025-10-03,14:32:11,-07:00,2025-10-03T14:32:11-07:00,0,5
projects/projects.js,1,js,28f6aed5,Amrutha Potluri,2025-10-29,23:25:55,-07:00,2025-10-29T23:25:55-07:00,0,63
projects/projects.js,2,js,0593456d,Amrutha Potluri,2025-10-30,00:46:23,-07:00,2025-10-30T00:46:23-07:00,0,55
projects/projects.js,3,js,673dde00,Amrutha Potluri,2025-10-29,23:30:51,-07:00,2025-10-29T23:30:51-07:00,0,0
projects/projects.js,4,js,ad41252f,Amrutha Potluri,2025-10-30,00:56:11,-07:00,2025-10-30T00:56:11-07:00,0,27
projects/projects.js,5,js,28f6aed5,Amrutha Potluri,2025-10-29,23:25:55,-07:00,2025-10-29T23:25:55-07:00,0,25
projects/projects.js,6,js,28f6aed5,Amrutha Potluri,2025-10-29,23:25:55,-07:00,2025-10-29T23:25:55-07:00,2,13
projects/projects.js,7,js,28f6aed5,Amrutha Potluri,2025-10-29,23:25:55,-07:00,2025-10-29T23:25:55-07:00,2,15
projects/projects.js,8,js,673dde00,Amrutha Potluri,2025-10-29,23:30:51,-07:00,2025-10-29T23:30:51-07:00,0,0
projects/projects.js,9,js,28f6aed5,Amrutha Potluri,2025-10-29,23:25:55,-07:00,2025-10-29T23:25:55-07:00,0,50
projects/projects.js,10,js,28f6aed5,Amrutha Potluri,2025-10-29,23:25:55,-07:00,2025-10-29T23:25:55-07:00,0,47
projects/projects.js,11,js,673dde00,Amrutha Potluri,2025-10-29,23:30:51,-07:00,2025-10-29T23:30:51-07:00,0,0
projects/projects.js,12,js,28f6aed5,Amrutha Potluri,2025-10-29,23:25:55,-07:00,2025-10-29T23:25:55-07:00,0,13
projects/projects.js,13,js,28f6aed5,Amrutha Potluri,2025-10-29,23:25:55,-07:00,2025-10-29T23:25:55-07:00,0,16
projects/projects.js,14,js,53bfee39,Amrutha Potluri,2025-10-22,20:33:55,-07:00,2025-10-22T20:33:55-07:00,0,60
projects/projects.js,15,js,28f6aed5,Amrutha Potluri,2025-10-29,23:25:55,-07:00,2025-10-29T23:25:55-07:00,0,0
projects/projects.js,16,js,a308d595,Amrutha Potluri,2025-10-30,00:47:42,-07:00,2025-10-30T00:47:42-07:00,0,34
projects/projects.js,17,js,28f6aed5,Amrutha Potluri,2025-10-29,23:25:55,-07:00,2025-10-29T23:25:55-07:00,2,26
projects/projects.js,18,js,28f6aed5,Amrutha Potluri,2025-10-29,23:25:55,-07:00,2025-10-29T23:25:55-07:00,3,12
projects/projects.js,19,js,28f6aed5,Amrutha Potluri,2025-10-29,23:25:55,-07:00,2025-10-29T23:25:55-07:00,3,14
projects/projects.js,20,js,28f6aed5,Amrutha Potluri,2025-10-29,23:25:55,-07:00,2025-10-29T23:25:55-07:00,3,12
projects/projects.js,21,js,28f6aed5,Amrutha Potluri,2025-10-29,23:25:55,-07:00,2025-10-29T23:25:55-07:00,2,0
projects/projects.js,22,js,0593456d,Amrutha Potluri,2025-10-30,00:46:23,-07:00,2025-10-30T00:46:23-07:00,2,50
projects/projects.js,23,js,0593456d,Amrutha Potluri,2025-10-30,00:46:23,-07:00,2025-10-30T00:46:23-07:00,2,0
projects/projects.js,24,js,28f6aed5,Amrutha Potluri,2025-10-29,23:25:55,-07:00,2025-10-29T23:25:55-07:00,2,44
projects/projects.js,25,js,28f6aed5,Amrutha Potluri,2025-10-29,23:25:55,-07:00,2025-10-29T23:25:55-07:00,3,35
projects/projects.js,26,js,28f6aed5,Amrutha Potluri,2025-10-29,23:25:55,-07:00,2025-10-29T23:25:55-07:00,2,1
projects/projects.js,27,js,a308d595,Amrutha Potluri,2025-10-30,00:47:42,-07:00,2025-10-30T00:47:42-07:00,2,0
projects/projects.js,28,js,28f6aed5,Amrutha Potluri,2025-10-29,23:25:55,-07:00,2025-10-29T23:25:55-07:00,2,33
projects/projects.js,29,js,a308d595,Amrutha Potluri,2025-10-30,00:47:42,-07:00,2025-10-30T00:47:42-07:00,2,13
projects/projects.js,30,js,a308d595,Amrutha Potluri,2025-10-30,00:47:42,-07:00,2025-10-30T00:47:42-07:00,0,0
projects/projects.js,31,js,a308d595,Amrutha Potluri,2025-10-30,00:47:42,-07:00,2025-10-30T00:47:42-07:00,0,0
projects/projects.js,32,js,a308d595,Amrutha Potluri,2025-10-30,00:47:42,-07:00,2025-10-30T00:47:42-07:00,0,36
projects/projects.js,33,js,a308d595,Amrutha Potluri,2025-10-30,00:47:42,-07:00,2025-10-30T00:47:42-07:00,2,61
projects/projects.js,34,js,a308d595,Amrutha Potluri,2025-10-30,00:47:42,-07:00,2025-10-30T00:47:42-07:00,2,17
projects/projects.js,35,js,a308d595,Amrutha Potluri,2025-10-30,00:47:42,-07:00,2025-10-30T00:47:42-07:00,4,63
projects/projects.js,36,js,a308d595,Amrutha Potluri,2025-10-30,00:47:42,-07:00,2025-10-30T00:47:42-07:00,2,0
projects/projects.js,37,js,a308d595,Amrutha Potluri,2025-10-30,00:47:42,-07:00,2025-10-30T00:47:42-07:00,2,56
projects/projects.js,38,js,a308d595,Amrutha Potluri,2025-10-30,00:47:42,-07:00,2025-10-30T00:47:42-07:00,0,0
projects/projects.js,39,js,a308d595,Amrutha Potluri,2025-10-30,00:47:42,-07:00,2025-10-30T00:47:42-07:00,0,0
projects/projects.js,40,js,a308d595,Amrutha Potluri,2025-10-30,00:47:42,-07:00,2025-10-30T00:47:42-07:00,0,32
projects/projects.js,41,js,a308d595,Amrutha Potluri,2025-10-30,00:47:42,-07:00,2025-10-30T00:47:42-07:00,2,0
projects/projects.js,42,js,28f6aed5,Amrutha Potluri,2025-10-29,23:25:55,-07:00,2025-10-29T23:25:55-07:00,2,45
projects/projects.js,43,js,673dde00,Amrutha Potluri,2025-10-29,23:30:51,-07:00,2025-10-29T23:30:51-07:00,0,0
projects/projects.js,44,js,28f6aed5,Amrutha Potluri,2025-10-29,23:25:55,-07:00,2025-10-29T23:25:55-07:00,2,42
projects/projects.js,45,js,28f6aed5,Amrutha Potluri,2025-10-29,23:25:55,-07:00,2025-10-29T23:25:55-07:00,2,29
projects/projects.js,46,js,0593456d,Amrutha Potluri,2025-10-30,00:46:23,-07:00,2025-10-30T00:46:23-07:00,2,44
projects/projects.js,47,js,673dde00,Amrutha Potluri,2025-10-29,23:30:51,-07:00,2025-10-29T23:30:51-07:00,0,0
projects/projects.js,48,js,28f6aed5,Amrutha Potluri,2025-10-29,23:25:55,-07:00,2025-10-29T23:25:55-07:00,2,19
projects/projects.js,49,js,28f6aed5,Amrutha Potluri,2025-10-29,23:25:55,-07:00,2025-10-29T23:25:55-07:00,4,12
projects/projects.js,50,js,28f6aed5,Amrutha Potluri,2025-10-29,23:25:55,-07:00,2025-10-29T23:25:55-07:00,4,6
projects/projects.js,51,js,28f6aed5,Amrutha Potluri,2025-10-29,23:25:55,-07:00,2025-10-29T23:25:55-07:00,4,13
projects/projects.js,52,js,28f6aed5,Amrutha Potluri,2025-10-29,23:25:55,-07:00,2025-10-29T23:25:55-07:00,4,30
projects/projects.js,53,js,28f6aed5,Amrutha Potluri,2025-10-29,23:25:55,-07:00,2025-10-29T23:25:55-07:00,4,36
projects/projects.js,54,js,ad41252f,Amrutha Potluri,2025-10-30,00:56:11,-07:00,2025-10-30T00:56:11-07:00,4,75
projects/projects.js,55,js,28f6aed5,Amrutha Potluri,2025-10-29,23:25:55,-07:00,2025-10-29T23:25:55-07:00,4,26
projects/projects.js,56,js,ad41252f,Amrutha Potluri,2025-10-30,00:56:11,-07:00,2025-10-30T00:56:11-07:00,6,0
projects/projects.js,57,js,ad41252f,Amrutha Potluri,2025-10-30,00:56:11,-07:00,2025-10-30T00:56:11-07:00,6,32
projects/projects.js,58,js,ad41252f,Amrutha Potluri,2025-10-30,00:56:11,-07:00,2025-10-30T00:56:11-07:00,6,75
projects/projects.js,59,js,ad41252f,Amrutha Potluri,2025-10-30,00:56:11,-07:00,2025-10-30T00:56:11-07:00,6,0
projects/projects.js,60,js,28f6aed5,Amrutha Potluri,2025-10-29,23:25:55,-07:00,2025-10-29T23:25:55-07:00,6,16
projects/projects.js,61,js,28f6aed5,Amrutha Potluri,2025-10-29,23:25:55,-07:00,2025-10-29T23:25:55-07:00,4,1
projects/projects.js,62,js,673dde00,Amrutha Potluri,2025-10-29,23:30:51,-07:00,2025-10-29T23:30:51-07:00,0,0
projects/projects.js,63,js,28f6aed5,Amrutha Potluri,2025-10-29,23:25:55,-07:00,2025-10-29T23:25:55-07:00,2,32
projects/projects.js,64,js,673dde00,Amrutha Potluri,2025-10-29,23:30:51,-07:00,2025-10-29T23:30:51-07:00,0,0
projects/projects.js,65,js,28f6aed5,Amrutha Potluri,2025-10-29,23:25:55,-07:00,2025-10-29T23:25:55-07:00,2,20
projects/projects.js,66,js,28f6aed5,Amrutha Potluri,2025-10-29,23:25:55,-07:00,2025-10-29T23:25:55-07:00,4,12
projects/projects.js,67,js,28f6aed5,Amrutha Potluri,2025-10-29,23:25:55,-07:00,2025-10-29T23:25:55-07:00,4,6
projects/projects.js,68,js,28f6aed5,Amrutha Potluri,2025-10-29,23:25:55,-07:00,2025-10-29T23:25:55-07:00,4,11
projects/projects.js,69,js,ad41252f,Amrutha Potluri,2025-10-30,00:56:11,-07:00,2025-10-30T00:56:11-07:00,4,90
projects/projects.js,70,js,28f6aed5,Amrutha Potluri,2025-10-29,23:25:55,-07:00,2025-10-29T23:25:55-07:00,4,50
projects/projects.js,71,js,28f6aed5,Amrutha Potluri,2025-10-29,23:25:55,-07:00,2025-10-29T23:25:55-07:00,4,12
projects/projects.js,72,js,28f6aed5,Amrutha Potluri,2025-10-29,23:25:55,-07:00,2025-10-29T23:25:55-07:00,5,26
projects/projects.js,73,js,28f6aed5,Amrutha Potluri,2025-10-29,23:25:55,-07:00,2025-10-29T23:25:55-07:00,5,13
projects/projects.js,74,js,28f6aed5,Amrutha Potluri,2025-10-29,23:25:55,-07:00,2025-10-29T23:25:55-07:00,5,24
projects/projects.js,75,js,28f6aed5,Amrutha Potluri,2025-10-29,23:25:55,-07:00,2025-10-29T23:25:55-07:00,4,1
projects/projects.js,76,js,28f6aed5,Amrutha Potluri,2025-10-29,23:25:55,-07:00,2025-10-29T23:25:55-07:00,0,0
projects/projects.js,77,js,673dde00,Amrutha Potluri,2025-10-29,23:30:51,-07:00,2025-10-29T23:30:51-07:00,0,0
projects/projects.js,78,js,28f6aed5,Amrutha Potluri,2025-10-29,23:25:55,-07:00,2025-10-29T23:25:55-07:00,0,26
projects/projects.js,79,js,28f6aed5,Amrutha Potluri,2025-10-29,23:25:55,-07:00,2025-10-29T23:25:55-07:00,2,38
projects/projects.js,80,js,28f6aed5,Amrutha Potluri,2025-10-29,23:25:55,-07:00,2025-10-29T23:25:55-07:00,2,10
projects/projects.js,81,js,28f6aed5,Amrutha Potluri,2025-10-29,23:25:55,-07:00,2025-10-29T23:25:55-07:00,4,71
projects/projects.js,82,js,28f6aed5,Amrutha Potluri,2025-10-29,23:25:55,-07:00,2025-10-29T23:25:55-07:00,6,59
projects/projects.js,83,js,28f6aed5,Amrutha Potluri,2025-10-29,23:25:55,-07:00,2025-10-29T23:25:55-07:00,6,28
projects/projects.js,84,js,28f6aed5,Amrutha Potluri,2025-10-29,23:25:55,-07:00,2025-10-29T23:25:55-07:00,4,1
projects/projects.js,85,js,28f6aed5,Amrutha Potluri,2025-10-29,23:25:55,-07:00,2025-10-29T23:25:55-07:00,2,0
projects/projects.js,86,js,07681b5d,Amrutha Potluri,2025-10-30,01:03:34,-07:00,2025-10-30T01:03:34-07:00,2,54
projects/projects.js,87,js,ad41252f,Amrutha Potluri,2025-10-30,00:56:11,-07:00,2025-10-30T00:56:11-07:00,2,22
projects/projects.js,88,js,28f6aed5,Amrutha Potluri,2025-10-29,23:25:55,-07:00,2025-10-29T23:25:55-07:00,4,67
projects/projects.js,89,js,ad41252f,Amrutha Potluri,2025-10-30,00:56:11,-07:00,2025-10-30T00:56:11-07:00,6,32
projects/projects.js,90,js,28f6aed5,Amrutha Potluri,2025-10-29,23:25:55,-07:00,2025-10-29T23:25:55-07:00,4,0
projects/projects.js,91,js,28f6aed5,Amrutha Potluri,2025-10-29,23:25:55,-07:00,2025-10-29T23:25:55-07:00,2,0
projects/projects.js,92,js,28f6aed5,Amrutha Potluri,2025-10-29,23:25:55,-07:00,2025-10-29T23:25:55-07:00,2,34
projects/projects.js,93,js,a308d595,Amrutha Potluri,2025-10-30,00:47:42,-07:00,2025-10-30T00:47:42-07:00,2,27
projects/projects.js,94,js,28f6aed5,Amrutha Potluri,2025-10-29,23:25:55,-07:00,2025-10-29T23:25:55-07:00,0,0
projects/projects.js,95,js,673dde00,Amrutha Potluri,2025-10-29,23:30:51,-07:00,2025-10-29T23:30:51-07:00,0,0
projects/projects.js,96,js,28f6aed5,Amrutha Potluri,2025-10-29,23:25:55,-07:00,2025-10-29T23:25:55-07:00,0,55
projects/projects.js,97,js,28f6aed5,Amrutha Potluri,2025-10-29,23:25:55,-07:00,2025-10-29T23:25:55-07:00,0,0
projects/projects.js,98,js,28f6aed5,Amrutha Potluri,2025-10-29,23:25:55,-07:00,2025-10-29T23:25:55-07:00,0,16
projects/projects.js,99,js,28f6aed5,Amrutha Potluri,2025-10-29,23:25:55,-07:00,2025-10-29T23:25:55-07:00,2,49
projects/projects.js,100,js,673dde00,Amrutha Potluri,2025-10-29,23:30:51,-07:00,2025-10-29T23:30:51-07:00,4,0
projects/projects.js,101,js,28f6aed5,Amrutha Potluri,2025-10-29,23:25:55,-07:00,2025-10-29T23:25:55-07:00,4,39
projects/projects.js,102,js,673dde00,Amrutha Potluri,2025-10-29,23:30:51,-07:00,2025-10-29T23:30:51-07:00,4,0
projects/projects.js,103,js,28f6aed5,Amrutha Potluri,2025-10-29,23:25:55,-07:00,2025-10-29T23:25:55-07:00,4,16
projects/projects.js,104,js,28f6aed5,Amrutha Potluri,2025-10-29,23:25:55,-07:00,2025-10-29T23:25:55-07:00,2,1
projects/projects.js,105,js,28f6aed5,Amrutha Potluri,2025-10-29,23:25:55,-07:00,2025-10-29T23:25:55-07:00,0,0
projects/projects.js,106,js,28f6aed5,Amrutha Potluri,2025-10-29,23:25:55,-07:00,2025-10-29T23:25:55-07:00,0,0
projects/projects.js,107,js,28f6aed5,Amrutha Potluri,2025-10-29,23:25:55,-07:00,2025-10-29T23:25:55-07:00,0,12
projects/projects.js,108,js,28f6aed5,Amrutha Potluri,2025-10-29,23:25:55,-07:00,2025-10-29T23:25:55-07:00,2,3
projects/projects.js,109,js,a308d595,Amrutha Potluri,2025-10-30,00:47:42,-07:00,2025-10-30T00:47:42-07:00,4,68
projects/projects.js,110,js,673dde00,Amrutha Potluri,2025-10-29,23:30:51,-07:00,2025-10-29T23:30:51-07:00,4,0
projects/projects.js,111,js,28f6aed5,Amrutha Potluri,2025-10-29,23:25:55,-07:00,2025-10-29T23:25:55-07:00,4,31
projects/projects.js,112,js,673dde00,Amrutha Potluri,2025-10-29,23:30:51,-07:00,2025-10-29T23:30:51-07:00,0,0
projects/projects.js,113,js,28f6aed5,Amrutha Potluri,2025-10-29,23:25:55,-07:00,2025-10-29T23:25:55-07:00,4,16
projects/projects.js,114,js,673dde00,Amrutha Potluri,2025-10-29,23:30:51,-07:00,2025-10-29T23:30:51-07:00,0,0
projects/projects.js,115,js,28f6aed5,Amrutha Potluri,2025-10-29,23:25:55,-07:00,2025-10-29T23:25:55-07:00,2,15
projects/projects.js,116,js,28f6aed5,Amrutha Potluri,2025-10-29,23:25:55,-07:00,2025-10-29T23:25:55-07:00,4,53
projects/projects.js,117,js,28f6aed5,Amrutha Potluri,2025-10-29,23:25:55,-07:00,2025-10-29T23:25:55-07:00,2,0
projects/projects.js,118,js,28f6aed5,Amrutha Potluri,2025-10-29,23:25:55,-07:00,2025-10-29T23:25:55-07:00,0,3
projects/index.html,1,html,44346a27,Amrutha Potluri,2025-10-03,14:32:11,-07:00,2025-10-03T14:32:11-07:00,0,13
projects/index.html,2,html,44346a27,Amrutha Potluri,2025-10-03,14:32:11,-07:00,2025-10-03T14:32:11-07:00,0,14
projects/index.html,3,html,44346a27,Amrutha Potluri,2025-10-03,14:32:11,-07:00,2025-10-03T14:32:11-07:00,0,4
projects/index.html,4,html,44346a27,Amrutha Potluri,2025-10-03,14:32:11,-07:00,2025-10-03T14:32:11-07:00,2,20
projects/index.html,5,html,44346a27,Amrutha Potluri,2025-10-03,14:32:11,-07:00,2025-10-03T14:32:11-07:00,2,68
projects/index.html,6,html,5db267cc,Amrutha Potluri,2025-10-30,00:34:01,-07:00,2025-10-30T00:34:01-07:00,2,49
projects/index.html,7,html,44346a27,Amrutha Potluri,2025-10-03,14:32:11,-07:00,2025-10-03T14:32:11-07:00,2,38
projects/index.html,8,html,44346a27,Amrutha Potluri,2025-10-03,14:32:11,-07:00,2025-10-03T14:32:11-07:00,0,5
projects/index.html,9,html,44346a27,Amrutha Potluri,2025-10-03,14:32:11,-07:00,2025-10-03T14:32:11-07:00,0,4
projects/index.html,10,html,28f6aed5,Amrutha Potluri,2025-10-29,23:25:55,-07:00,2025-10-29T23:25:55-07:00,2,0
projects/index.html,11,html,44346a27,Amrutha Potluri,2025-10-03,14:32:11,-07:00,2025-10-03T14:32:11-07:00,2,6
projects/index.html,12,html,53bfee39,Amrutha Potluri,2025-10-22,20:33:55,-07:00,2025-10-22T20:33:55-07:00,4,38
projects/index.html,13,html,28f6aed5,Amrutha Potluri,2025-10-29,23:25:55,-07:00,2025-10-29T23:25:55-07:00,4,0
projects/index.html,14,html,28f6aed5,Amrutha Potluri,2025-10-29,23:25:55,-07:00,2025-10-29T23:25:55-07:00,4,27
projects/index.html,15,html,28f6aed5,Amrutha Potluri,2025-10-29,23:25:55,-07:00,2025-10-29T23:25:55-07:00,6,52
projects/index.html,16,html,28f6aed5,Amrutha Potluri,2025-10-29,23:25:55,-07:00,2025-10-29T23:25:55-07:00,6,4
projects/index.html,17,html,28f6aed5,Amrutha Potluri,2025-10-29,23:25:55,-07:00,2025-10-29T23:25:55-07:00,6,22
projects/index.html,18,html,28f6aed5,Amrutha Potluri,2025-10-29,23:25:55,-07:00,2025-10-29T23:25:55-07:00,4,4
projects/index.html,19,html,28f6aed5,Amrutha Potluri,2025-10-29,23:25:55,-07:00,2025-10-29T23:25:55-07:00,0,0
projects/index.html,20,html,28f6aed5,Amrutha Potluri,2025-10-29,23:25:55,-07:00,2025-10-29T23:25:55-07:00,4,4
projects/index.html,21,html,28f6aed5,Amrutha Potluri,2025-10-29,23:25:55,-07:00,2025-10-29T23:25:55-07:00,5,15
projects/index.html,22,html,28f6aed5,Amrutha Potluri,2025-10-29,23:25:55,-07:00,2025-10-29T23:25:55-07:00,5,11
projects/index.html,23,html,28f6aed5,Amrutha Potluri,2025-10-29,23:25:55,-07:00,2025-10-29T23:25:55-07:00,5,26
projects/index.html,24,html,06947810,Amrutha Potluri,2025-10-30,00:05:46,-07:00,2025-10-30T00:05:46-07:00,5,30
projects/index.html,25,html,28f6aed5,Amrutha Potluri,2025-10-29,23:25:55,-07:00,2025-10-29T23:25:55-07:00,0,0
projects/index.html,26,html,2ed439bb,Amrutha Potluri,2025-10-10,18:36:42,-07:00,2025-10-10T18:36:42-07:00,4,20
projects/index.html,27,html,53bfee39,Amrutha Potluri,2025-10-22,20:33:55,-07:00,2025-10-22T20:33:55-07:00,6,4
projects/index.html,28,html,44346a27,Amrutha Potluri,2025-10-03,14:32:11,-07:00,2025-10-03T14:32:11-07:00,2,7
projects/index.html,29,html,53bfee39,Amrutha Potluri,2025-10-22,20:33:55,-07:00,2025-10-22T20:33:55-07:00,0,0
projects/index.html,30,html,06947810,Amrutha Potluri,2025-10-30,00:05:46,-07:00,2025-10-30T00:05:46-07:00,2,48
projects/index.html,31,html,06947810,Amrutha Potluri,2025-10-30,00:05:46,-07:00,2025-10-30T00:05:46-07:00,2,47
projects/index.html,32,html,44346a27,Amrutha Potluri,2025-10-03,14:32:11,-07:00,2025-10-03T14:32:11-07:00,0,5
projects/index.html,33,html,44346a27,Amrutha Potluri,2025-10-03,14:32:11,-07:00,2025-10-03T14:32:11-07:00,0,5
contact/index.html,1,html,44346a27,Amrutha Potluri,2025-10-03,14:32:11,-07:00,2025-10-03T14:32:11-07:00,0,13
contact/index.html,2,html,44346a27,Amrutha Potluri,2025-10-03,14:32:11,-07:00,2025-10-03T14:32:11-07:00,0,14
contact/index.html,3,html,44346a27,Amrutha Potluri,2025-10-03,14:32:11,-07:00,2025-10-03T14:32:11-07:00,0,4
contact/index.html,4,html,44346a27,Amrutha Potluri,2025-10-03,14:32:11,-07:00,2025-10-03T14:32:11-07:00,2,20
contact/index.html,5,html,44346a27,Amrutha Potluri,2025-10-03,14:32:11,-07:00,2025-10-03T14:32:11-07:00,2,68
contact/index.html,6,html,2ed439bb,Amrutha Potluri,2025-10-10,18:36:42,-07:00,2025-10-10T18:36:42-07:00,2,41
contact/index.html,7,html,21046396,Amrutha Potluri,2025-10-17,16:57:08,-07:00,2025-10-17T16:57:08-07:00,2,48
contact/index.html,8,html,44346a27,Amrutha Potluri,2025-10-03,14:32:11,-07:00,2025-10-03T14:32:11-07:00,2,37
contact/index.html,9,html,44346a27,Amrutha Potluri,2025-10-03,14:32:11,-07:00,2025-10-03T14:32:11-07:00,0,5
contact/index.html,10,html,44346a27,Amrutha Potluri,2025-10-03,14:32:11,-07:00,2025-10-03T14:32:11-07:00,0,4
contact/index.html,11,html,44346a27,Amrutha Potluri,2025-10-03,14:32:11,-07:00,2025-10-03T14:32:11-07:00,2,6
contact/index.html,12,html,44346a27,Amrutha Potluri,2025-10-03,14:32:11,-07:00,2025-10-03T14:32:11-07:00,4,14
contact/index.html,13,html,44346a27,Amrutha Potluri,2025-10-03,14:32:11,-07:00,2025-10-03T14:32:11-07:00,2,7
contact/index.html,14,html,21046396,Amrutha Potluri,2025-10-17,16:57:08,-07:00,2025-10-17T16:57:08-07:00,2,38
contact/index.html,15,html,2ed439bb,Amrutha Potluri,2025-10-10,18:36:42,-07:00,2025-10-10T18:36:42-07:00,4,26
contact/index.html,16,html,2ed439bb,Amrutha Potluri,2025-10-10,18:36:42,-07:00,2025-10-10T18:36:42-07:00,6,6
contact/index.html,17,html,44346a27,Amrutha Potluri,2025-10-03,14:32:11,-07:00,2025-10-03T14:32:11-07:00,6,20
contact/index.html,18,html,2ed439bb,Amrutha Potluri,2025-10-10,18:36:42,-07:00,2025-10-10T18:36:42-07:00,4,6
contact/index.html,19,html,2ed439bb,Amrutha Potluri,2025-10-10,18:36:42,-07:00,2025-10-10T18:36:42-07:00,4,24
contact/index.html,20,html,2ed439bb,Amrutha Potluri,2025-10-10,18:36:42,-07:00,2025-10-10T18:36:42-07:00,6,6
contact/index.html,21,html,2ed439bb,Amrutha Potluri,2025-10-10,18:36:42,-07:00,2025-10-10T18:36:42-07:00,6,49
contact/index.html,22,html,2ed439bb,Amrutha Potluri,2025-10-10,18:36:42,-07:00,2025-10-10T18:36:42-07:00,4,6
contact/index.html,23,html,2ed439bb,Amrutha Potluri,2025-10-10,18:36:42,-07:00,2025-10-10T18:36:42-07:00,4,19
contact/index.html,24,html,44346a27,Amrutha Potluri,2025-10-03,14:32:11,-07:00,2025-10-03T14:32:11-07:00,2,5
contact/index.html,25,html,44346a27,Amrutha Potluri,2025-10-03,14:32:11,-07:00,2025-10-03T14:32:11-07:00,0,5
contact/index.html,26,html,44346a27,Amrutha Potluri,2025-10-03,14:32:11,-07:00,2025-10-03T14:32:11-07:00,0,5
